cod_orgao_gabine;cod_magist;sta_magist_gabine_judici;dat_inicio_ativid_judici;dat_termin_ativid_judici
SP01G0002;000000000;T ;30-mar-89;
SP01G0002;00000056S;C ;07-jul-05;18-fev-10
SP01G0002;00000085S;C ;18-mai-07;03-mai-09
SP01G0002;00000138S;C ;26-jul-12;31-jan-13
SP01G0002;00000178S;C ;22-fev-16;
SP01G0003;000000099;T ;30-mar-89;
SP01G0003;00000059S;C ;26-fev-14;31-dez-15
SP01G0003;00000089S;C ;17-fev-12;16-fev-14
SP01G0003;00000113S;C ;22-abr-13;16-fev-14
SP01G0003;00000178S;C ;26-fev-14;21-fev-16
SP01G0003;00000180S;C ;16-mar-16;
SP01G0003;00000185S;C ;18-jan-16;
SP01G0004;000000067;S ;10-ago-16;17-ago-16
SP01G0004;000000098;T ;01-fev-08;
SP01G0004;00000070S;C ;18-abr-16;
SP01G0071;00000001C;T ;17-fev-12;
SP01G0081;00000001J;T ;17-fev-12;16-fev-14
SP01G0081;00000004J;T ;17-fev-14;21-fev-16
SP01G0081;00000007J;T ;22-fev-16;
SP01G0082;00000002J;T ;17-fev-12;16-fev-14
SP01G0082;00000005J;T ;17-fev-14;25-fev-16
SP01G0082;00000008J;T ;26-fev-16;
SP01G0083;00000003J;T ;17-fev-12;16-fev-14
SP01G0083;00000006J;T ;17-fev-14;25-fev-16
SP01G0083;00000009J;T ;26-fev-16;
SP01G0091;00000001A;T ;17-fev-12;16-fev-14
SP01G0091;00000004A;T ;17-fev-14;25-fev-16
SP01G0091;00000007A;T ;26-fev-16;
SP01G0092;00000002A;T ;17-fev-12;16-fev-14
SP01G0092;00000005A;T ;17-fev-14;25-fev-16
SP01G0092;00000008A;T ;26-fev-16;
SP01G0093;00000003A;T ;17-fev-12;16-fev-14
SP01G0093;00000006A;T ;17-fev-14;25-fev-16
SP01G0093;00000009A;T ;26-fev-16;
SP01G0991;000000005;T ;03-mai-93;02-mai-99
SP01G0991;000000009;T ;03-mai-99;04-mai-03
SP01G0991;000000023;T ;29-jun-07;16-fev-12
SP01G0991;000000024;T ;02-mai-05;01-mai-07
SP01G0991;000000034;T ;17-fev-14;21-fev-16
SP01G0992;000000002;T ;02-mai-91;02-mai-93
SP01G0992;000000003;T ;03-mai-93;01-mai-95
SP01G0992;000000004;T ;30-mar-89;01-mai-91
SP01G0992;000000007;T ;05-mai-97;01-mai-01
SP01G0992;000000014;T ;02-mai-01;01-mai-05
SP01G0992;000000022;T ;02-mai-07;16-fev-12
SP01G0992;000000030;T ;17-fev-12;04-jan-15
SP01G0992;000000035;T ;10-jun-15;
SP01G0993;000000008;T ;05-mai-97;01-mai-01
SP01G0993;000000021;T ;05-mai-03;01-mai-07
SP01G0993;000000032;T ;02-mai-07;28-jun-07
SP01G0993;000000033;T ;17-fev-12;16-fev-14
SP01G0993;000000036;T ;22-fev-16;
SP01G1011;000000003;T ;05-mai-97;08-mai-02
SP01G1011;000000017;T ;30-mar-89;18-dez-95
SP01G1011;000000030;T ;19-dez-95;20-out-96
SP01G1011;000000042;T ;13-set-02;21-out-12
SP01G1011;000000068;T ;24-abr-13;01-jul-14
SP01G1011;00000023S;T ;21-out-96;04-mai-97
SP01G1011;00000024S;C ;01-jul-02;19-dez-02
SP01G1011;00000024S;C ;03-fev-03;28-abr-03
SP01G1011;00000026S;C ;19-nov-01;17-mai-02
SP01G1011;00000026S;C ;20-mai-02;19-dez-02
SP01G1011;00000026S;C ;03-fev-03;21-mai-03
SP01G1011;00000045S;C ;19-nov-01;17-mai-02
SP01G1011;00000045S;C ;20-mai-02;30-jun-02
SP01G1011;00000047S;C ;06-set-99;19-dez-99
SP01G1011;00000047S;C ;01-fev-00;18-jun-00
SP01G1011;00000048S;C ;19-nov-01;17-mai-02
SP01G1011;00000048S;C ;20-mai-02;19-dez-02
SP01G1011;00000048S;C ;03-fev-03;21-mai-03
SP01G1011;00000051S;C ;28-set-09;31-dez-09
SP01G1011;00000055S;C ;28-set-09;31-dez-09
SP01G1011;00000059S;C ;02-ago-00;19-dez-00
SP01G1011;00000059S;C ;01-fev-01;29-jun-01
SP01G1011;00000059S;C ;01-ago-01;28-set-01
SP01G1011;00000059S;C ;19-nov-01;08-mai-02
SP01G1011;00000059S;T ;09-mai-02;12-set-02
SP01G1011;00000065S;C ;19-nov-01;17-mai-02
SP01G1011;00000065S;C ;20-mai-02;19-dez-02
SP01G1011;00000065S;C ;03-fev-03;21-mai-03
SP01G1011;00000066S;C ;19-nov-01;17-mai-02
SP01G1011;00000066S;C ;20-mai-02;19-dez-02
SP01G1011;00000066S;C ;03-fev-03;21-mai-03
SP01G1011;00000073S;C ;20-mai-02;19-dez-02
SP01G1011;00000073S;C ;03-fev-03;21-mai-03
SP01G1011;00000085S;T ;22-out-12;23-abr-13
SP01G1011;00000085S;S ;25-abr-13;04-jun-14
SP01G1011;00000090S;S ;02-jul-07;02-ago-07
SP01G1011;00000101S;C ;28-set-09;07-out-09
SP01G1011;00000113S;C ;30-set-09;31-dez-09
SP01G1011;00000124S;C ;13-out-09;31-dez-09
SP01G1012;000000014;T ;30-mar-89;07-mai-92
SP01G1012;000000019;T ;30-mar-89;11-jun-92
SP01G1012;000000019;T ;12-jun-92;05-fev-98
SP01G1012;000000043;T ;20-dez-02;15-jan-03
SP01G1012;000000044;T ;16-jan-03;23-set-03
SP01G1012;000000055;T ;06-out-03;02-ago-09
SP01G1012;000000064;T ;01-jul-10;01-jul-14
SP01G1012;00000023S;C ;25-ago-99;19-dez-99
SP01G1012;00000023S;C ;01-fev-00;22-fev-00
SP01G1012;00000023S;T ;23-fev-00;01-abr-02
SP01G1012;00000024S;C ;01-jul-02;19-dez-02
SP01G1012;00000024S;C ;03-fev-03;28-abr-03
SP01G1012;00000026S;C ;19-nov-01;17-mai-02
SP01G1012;00000026S;C ;20-mai-02;19-dez-02
SP01G1012;00000026S;C ;03-fev-03;21-mai-03
SP01G1012;00000031S;T ;06-fev-98;01-out-98
SP01G1012;00000031S;T ;02-out-98;22-fev-00
SP01G1012;00000045S;C ;19-nov-01;17-mai-02
SP01G1012;00000045S;C ;20-mai-02;30-jun-02
SP01G1012;00000048S;C ;19-nov-01;17-mai-02
SP01G1012;00000048S;C ;20-mai-02;19-dez-02
SP01G1012;00000048S;C ;03-fev-03;21-mai-03
SP01G1012;00000051S;C ;03-mar-00;29-jun-00
SP01G1012;00000051S;C ;01-ago-00;19-dez-00
SP01G1012;00000051S;C ;01-fev-01;29-jun-01
SP01G1012;00000051S;C ;01-ago-01;15-ago-01
SP01G1012;00000051S;C ;28-set-09;31-dez-09
SP01G1012;00000055S;C ;28-set-09;31-dez-09
SP01G1012;00000059S;C ;19-nov-01;08-mai-02
SP01G1012;00000065S;C ;19-nov-01;17-mai-02
SP01G1012;00000065S;C ;20-mai-02;19-dez-02
SP01G1012;00000065S;C ;03-fev-03;21-mai-03
SP01G1012;00000066S;C ;19-nov-01;17-mai-02
SP01G1012;00000066S;C ;20-mai-02;19-dez-02
SP01G1012;00000066S;C ;03-fev-03;21-mai-03
SP01G1012;00000068S;T ;01-abr-02;19-dez-02
SP01G1012;00000070S;S ;10-jan-11;09-fev-11
SP01G1012;00000070S;S ;04-jul-11;05-ago-11
SP01G1012;00000070S;S ;09-jan-12;07-fev-12
SP01G1012;00000070S;S ;02-jul-12;01-ago-12
SP01G1012;00000073S;C ;20-mai-02;19-dez-02
SP01G1012;00000073S;C ;03-fev-03;21-mai-03
SP01G1012;00000076S;T ;24-set-03;05-out-03
SP01G1012;00000101S;C ;28-set-09;07-out-09
SP01G1012;00000113S;C ;30-set-09;31-dez-09
SP01G1012;00000124S;C ;13-out-09;31-dez-09
SP01G1012;00000134S;T ;03-ago-09;30-jun-10
SP01G1012;00000148S;C ;08-abr-14;08-abr-14
SP01G1012;00000155S;S ;07-jan-13;29-jan-13
SP01G1012;00000160S;S ;01-jul-13;18-jul-13
SP01G1012;00000160S;S ;07-jan-14;16-jan-14
SP01G1013;000000018;T ;30-mar-89;10-mai-93
SP01G1013;000000020;T ;17-jun-93;06-dez-01
SP01G1013;000000045;T ;03-abr-03;21-mai-03
SP01G1013;000000077;T ;11-dez-14;
SP01G1013;00000024S;C ;01-jul-02;19-dez-02
SP01G1013;00000024S;C ;03-fev-03;28-abr-03
SP01G1013;00000026S;C ;19-nov-01;17-mai-02
SP01G1013;00000026S;C ;20-mai-02;19-dez-02
SP01G1013;00000026S;C ;03-fev-03;21-mai-03
SP01G1013;00000033S;T ;22-mai-03;08-mai-05
SP01G1013;00000037S;C ;01-fev-00;30-jun-00
SP01G1013;00000045S;C ;19-nov-01;17-mai-02
SP01G1013;00000045S;C ;20-mai-02;30-jun-02
SP01G1013;00000046S;T ;16-ago-10;03-abr-12
SP01G1013;00000048S;C ;19-nov-01;17-mai-02
SP01G1013;00000048S;C ;20-mai-02;19-dez-02
SP01G1013;00000048S;C ;03-fev-03;21-mai-03
SP01G1013;00000051S;C ;28-set-09;31-dez-09
SP01G1013;00000052S;T ;28-fev-02;02-abr-03
SP01G1013;00000052S;S ;22-abr-03;20-mai-03
SP01G1013;00000055S;C ;28-set-09;31-dez-09
SP01G1013;00000059S;C ;19-nov-01;08-mai-02
SP01G1013;00000062S;T ;15-ago-06;16-mar-10
SP01G1013;00000062S;T ;04-abr-12;10-dez-14
SP01G1013;00000065S;C ;19-nov-01;17-mai-02
SP01G1013;00000065S;C ;20-mai-02;19-dez-02
SP01G1013;00000065S;C ;03-fev-03;21-mai-03
SP01G1013;00000066S;C ;19-nov-01;17-mai-02
SP01G1013;00000066S;C ;20-mai-02;19-dez-02
SP01G1013;00000066S;C ;03-fev-03;21-mai-03
SP01G1013;00000073S;C ;20-mai-02;19-dez-02
SP01G1013;00000073S;C ;03-fev-03;21-mai-03
SP01G1013;00000087S;T ;09-mai-05;14-ago-06
SP01G1013;00000090S;S ;12-ago-15;13-set-15
SP01G1013;00000096S;T ;13-abr-10;15-ago-10
SP01G1013;00000101S;C ;28-set-09;07-out-09
SP01G1013;00000113S;C ;30-set-09;31-dez-09
SP01G1013;00000124S;C ;13-out-09;31-dez-09
SP01G1013;00000187S;S ;11-jul-16;10-ago-16
SP01G1014;000000005;T ;30-mar-89;02-mai-93
SP01G1014;000000026;T ;01-ago-95;19-dez-02
SP01G1014;000000035;T ;20-dez-02;21-mai-03
SP01G1014;000000060;T ;16-dez-03;22-jul-13
SP01G1014;000000070;T ;04-out-13;25-mar-14
SP01G1014;00000009S;T ;24-jun-93;08-nov-93
SP01G1014;00000016S;T ;09-nov-93;31-jul-95
SP01G1014;00000024S;C ;01-jul-02;19-dez-02
SP01G1014;00000024S;C ;03-fev-03;28-abr-03
SP01G1014;00000026S;C ;19-nov-01;17-mai-02
SP01G1014;00000026S;C ;20-mai-02;19-dez-02
SP01G1014;00000026S;C ;03-fev-03;21-mai-03
SP01G1014;00000037S;S ;05-out-98;08-nov-98
SP01G1014;00000043S;T ;23-mai-03;15-dez-03
SP01G1014;00000045S;C ;19-nov-01;17-mai-02
SP01G1014;00000045S;C ;20-mai-02;30-jun-02
SP01G1014;00000048S;C ;19-nov-01;17-mai-02
SP01G1014;00000048S;C ;20-mai-02;19-dez-02
SP01G1014;00000048S;C ;03-fev-03;21-mai-03
SP01G1014;00000049S;C ;01-fev-00;30-jun-00
SP01G1014;00000049S;C ;01-ago-00;19-dez-00
SP01G1014;00000049S;C ;01-fev-01;29-jun-01
SP01G1014;00000049S;C ;01-ago-01;28-set-01
SP01G1014;00000049S;C ;29-set-01;31-out-01
SP01G1014;00000051S;C ;28-set-09;31-dez-09
SP01G1014;00000055S;C ;28-set-09;31-dez-09
SP01G1014;00000059S;C ;19-nov-01;08-mai-02
SP01G1014;00000060S;T ;26-mar-14;01-jul-14
SP01G1014;00000065S;C ;19-nov-01;17-mai-02
SP01G1014;00000065S;C ;20-mai-02;19-dez-02
SP01G1014;00000065S;C ;03-fev-03;21-mai-03
SP01G1014;00000066S;C ;19-nov-01;17-mai-02
SP01G1014;00000066S;C ;20-mai-02;19-dez-02
SP01G1014;00000066S;C ;03-fev-03;21-mai-03
SP01G1014;00000073S;C ;20-mai-02;19-dez-02
SP01G1014;00000073S;C ;03-fev-03;21-mai-03
SP01G1014;00000087S;S ;02-mai-05;08-mai-05
SP01G1014;00000101S;C ;28-set-09;07-out-09
SP01G1014;00000103S;S ;02-mai-11;30-jun-11
SP01G1014;00000113S;S ;14-ago-06;12-out-06
SP01G1014;00000113S;C ;30-set-09;31-dez-09
SP01G1014;00000121S;S ;21-ago-08;19-out-08
SP01G1014;00000124S;C ;13-out-09;31-dez-09
SP01G1014;00000147S;T ;05-set-13;03-out-13
SP01G1014;00000148S;S ;15-jan-14;14-fev-14
SP01G1015;000000055;T ;02-jul-14;21-dez-15
SP01G1015;000000082;T ;16-fev-16;
SP01G1015;00000100S;S ;20-out-16;
SP01G1015;00000104S;T ;26-jan-16;15-fev-16
SP01G1015;00000108S;S ;05-out-15;03-dez-15
SP01G1015;00000108S;C ;29-mar-16;29-mar-16
SP01G1015;00000108S;S ;13-jun-16;01-ago-16
SP01G1015;00000143S;T ;22-dez-15;25-jan-16
SP01G1016;000000071;T ;15-set-14;16-set-15
SP01G1016;000000079;T ;16-fev-16;
SP01G1016;00000057S;T ;17-set-15;15-fev-16
SP01G1016;00000143S;T ;02-jul-14;14-set-14
SP01G1021;000000015;T ;30-mar-89;29-jun-00
SP01G1021;000000041;T ;13-set-02;21-mai-03
SP01G1021;000000044;T ;24-set-03;20-out-13
SP01G1021;00000005S;C ;19-nov-01;06-jan-02
SP01G1021;00000013S;C ;19-nov-01;17-mai-02
SP01G1021;00000013S;C ;20-mai-02;19-dez-02
SP01G1021;00000013S;C ;03-fev-03;01-abr-03
SP01G1021;00000022S;C ;29-nov-99;19-dez-99
SP01G1021;00000022S;C ;01-fev-00;30-jun-00
SP01G1021;00000024S;T ;01-ago-00;15-ago-01
SP01G1021;00000033S;C ;01-ago-00;19-dez-00
SP01G1021;00000033S;C ;02-fev-01;29-jun-01
SP01G1021;00000041S;C ;19-nov-01;17-mai-02
SP01G1021;00000041S;C ;20-mai-02;19-dez-02
SP01G1021;00000043S;S ;02-fev-04;04-mar-04
SP01G1021;00000051S;T ;16-ago-01;12-set-02
SP01G1021;00000051S;C ;12-set-05;19-dez-06
SP01G1021;00000052S;C ;03-abr-03;21-abr-03
SP01G1021;00000055S;C ;19-nov-01;17-mai-02
SP01G1021;00000055S;C ;20-mai-02;19-dez-02
SP01G1021;00000055S;C ;03-fev-03;21-mai-03
SP01G1021;00000055S;C ;28-set-09;31-dez-09
SP01G1021;00000058S;C ;19-nov-01;07-mai-02
SP01G1021;00000059S;C ;03-fev-03;21-mai-03
SP01G1021;00000067S;C ;19-nov-01;17-mai-02
SP01G1021;00000067S;C ;20-mai-02;19-dez-02
SP01G1021;00000067S;C ;03-fev-03;21-mai-03
SP01G1021;00000067S;T ;23-mai-03;23-set-03
SP01G1021;00000068S;C ;07-jan-02;01-abr-02
SP01G1021;00000070S;C ;09-mai-02;17-mai-02
SP01G1021;00000070S;C ;20-mai-02;19-dez-02
SP01G1021;00000070S;C ;03-fev-03;21-mai-03
SP01G1021;00000071S;C ;09-mai-02;17-mai-02
SP01G1021;00000071S;C ;20-mai-02;19-dez-02
SP01G1021;00000071S;C ;03-fev-03;21-mai-03
SP01G1021;00000074S;C ;22-abr-03;21-mai-03
SP01G1021;00000085S;S ;28-mar-05;09-mai-05
SP01G1021;00000089S;C ;18-mai-09;08-dez-10
SP01G1021;00000090S;C ;12-set-06;17-out-06
SP01G1021;00000097S;S ;16-nov-05;16-dez-05
SP01G1021;00000097S;C ;11-dez-05;12-dez-05
SP01G1021;00000101S;C ;28-set-09;07-out-09
SP01G1021;00000103S;S ;13-fev-06;16-mar-06
SP01G1021;00000103S;S ;26-jan-11;25-fev-11
SP01G1021;00000104S;S ;25-fev-09;25-mar-09
SP01G1021;00000104S;C ;10-set-12;11-out-12
SP01G1021;00000111S;S ;03-mai-10;02-jun-10
SP01G1021;00000113S;C ;30-set-09;31-dez-09
SP01G1021;00000115S;C ;15-jun-11;20-out-13
SP01G1021;00000116S;S ;03-nov-10;03-dez-10
SP01G1021;00000117S;S ;10-jan-07;09-fev-07
SP01G1021;00000117S;S ;09-jan-13;20-out-13
SP01G1021;00000121S;S ;07-mai-07;06-jun-07
SP01G1021;00000123S;S ;27-jun-07;27-jul-07
SP01G1021;00000124S;C ;13-out-09;31-dez-09
SP01G1021;00000139S;S ;15-jun-09;07-jul-09
SP01G1021;00000139S;C ;08-jul-09;08-jul-09
SP01G1021;00000139S;S ;09-jul-09;16-jul-09
SP01G1021;00000143S;T ;09-abr-14;01-jul-14
SP01G1021;00000151S;T ;24-out-13;08-abr-14
SP01G1022;000000016;T ;30-mar-89;10-jun-03
SP01G1022;000000057;T ;06-out-03;03-out-13
SP01G1022;000000057;T ;10-abr-14;01-jul-14
SP01G1022;00000005S;C ;19-nov-01;06-jan-02
SP01G1022;00000013S;C ;19-nov-01;17-mai-02
SP01G1022;00000013S;C ;20-mai-02;19-dez-02
SP01G1022;00000013S;C ;03-fev-03;01-abr-03
SP01G1022;00000033S;S ;01-jun-98;30-jun-98
SP01G1022;00000033S;S ;26-mai-99;30-jun-99
SP01G1022;00000033S;C ;25-ago-99;19-dez-99
SP01G1022;00000033S;C ;01-fev-00;30-jun-00
SP01G1022;00000041S;C ;19-nov-01;17-mai-02
SP01G1022;00000041S;C ;20-mai-02;19-dez-02
SP01G1022;00000051S;C ;28-ago-06;19-dez-06
SP01G1022;00000052S;C ;03-abr-03;21-abr-03
SP01G1022;00000055S;C ;19-nov-01;17-mai-02
SP01G1022;00000055S;C ;20-mai-02;19-dez-02
SP01G1022;00000055S;C ;03-fev-03;21-mai-03
SP01G1022;00000055S;C ;28-set-09;31-dez-09
SP01G1022;00000058S;C ;01-ago-00;19-dez-00
SP01G1022;00000058S;C ;01-fev-01;29-jun-01
SP01G1022;00000058S;C ;01-ago-01;28-set-01
SP01G1022;00000058S;C ;29-set-01;31-out-01
SP01G1022;00000058S;C ;19-nov-01;07-mai-02
SP01G1022;00000058S;S ;08-mai-02;11-set-03
SP01G1022;00000059S;C ;03-fev-03;21-mai-03
SP01G1022;00000067S;C ;19-nov-01;17-mai-02
SP01G1022;00000067S;C ;20-mai-02;19-dez-02
SP01G1022;00000067S;C ;03-fev-03;21-mai-03
SP01G1022;00000068S;C ;07-jan-02;01-abr-02
SP01G1022;00000068S;T ;12-jun-03;05-out-03
SP01G1022;00000070S;C ;09-mai-02;17-mai-02
SP01G1022;00000070S;C ;20-mai-02;19-dez-02
SP01G1022;00000070S;C ;03-fev-03;21-mai-03
SP01G1022;00000071S;C ;09-mai-02;17-mai-02
SP01G1022;00000071S;C ;20-mai-02;19-dez-02
SP01G1022;00000071S;C ;03-fev-03;21-mai-03
SP01G1022;00000074S;C ;22-abr-03;21-mai-03
SP01G1022;00000081S;T ;07-out-13;09-abr-14
SP01G1022;00000090S;S ;04-jul-05;03-ago-05
SP01G1022;00000090S;S ;13-jul-11;12-ago-11
SP01G1022;00000097S;S ;17-jul-06;16-ago-06
SP01G1022;00000097S;S ;08-jan-07;07-fev-07
SP01G1022;00000101S;C ;28-set-09;07-out-09
SP01G1022;00000102S;S ;10-jan-11;09-fev-11
SP01G1022;00000102S;S ;10-fev-11;22-fev-11
SP01G1022;00000107S;C ;16-fev-09;01-jul-12
SP01G1022;00000107S;S ;02-jul-12;02-ago-12
SP01G1022;00000107S;C ;28-ago-12;28-ago-12
SP01G1022;00000113S;C ;30-set-09;31-dez-09
SP01G1022;00000121S;S ;27-ago-07;26-set-07
SP01G1022;00000121S;S ;21-jul-08;20-ago-08
SP01G1022;00000124S;C ;13-out-09;31-dez-09
SP01G1022;00000144S;S ;11-jul-10;10-ago-10
SP01G1023;000000013;T ;30-mar-89;31-jul-95
SP01G1023;000000029;T ;18-out-95;10-mar-03
SP01G1023;000000056;T ;06-out-03;
SP01G1023;00000005S;C ;24-nov-99;19-dez-99
SP01G1023;00000005S;C ;01-fev-00;30-jun-00
SP01G1023;00000005S;C ;07-ago-00;19-dez-00
SP01G1023;00000005S;C ;28-fev-01;28-fev-01
SP01G1023;00000005S;S ;01-mar-01;10-abr-01
SP01G1023;00000005S;C ;23-abr-01;29-jun-01
SP01G1023;00000005S;S ;15-ago-01;28-set-01
SP01G1023;00000005S;C ;01-out-01;31-out-01
SP01G1023;00000005S;C ;19-nov-01;06-jan-02
SP01G1023;00000013S;C ;19-nov-01;17-mai-02
SP01G1023;00000013S;C ;20-mai-02;19-dez-02
SP01G1023;00000013S;C ;03-fev-03;01-abr-03
SP01G1023;00000016S;T ;01-ago-95;17-out-95
SP01G1023;00000022S;C ;01-ago-01;28-set-01
SP01G1023;00000026S;S ;15-mai-98;20-mai-98
SP01G1023;00000026S;S ;22-mai-98;01-jul-98
SP01G1023;00000036S;S ;29-mai-02;01-jul-02
SP01G1023;00000036S;S ;12-fev-03;01-jul-03
SP01G1023;00000036S;T ;01-ago-03;14-set-03
SP01G1023;00000041S;C ;19-nov-01;17-mai-02
SP01G1023;00000041S;C ;20-mai-02;19-dez-02
SP01G1023;00000046S;S ;17-jun-10;17-jul-10
SP01G1023;00000051S;T ;15-set-03;05-out-03
SP01G1023;00000051S;C ;09-mai-06;19-dez-06
SP01G1023;00000052S;S ;20-mar-00;16-mai-00
SP01G1023;00000052S;C ;03-abr-03;21-abr-03
SP01G1023;00000055S;C ;19-nov-01;17-mai-02
SP01G1023;00000055S;C ;20-mai-02;19-dez-02
SP01G1023;00000055S;C ;03-fev-03;21-mai-03
SP01G1023;00000055S;C ;28-set-09;31-dez-09
SP01G1023;00000058S;C ;19-nov-01;07-mai-02
SP01G1023;00000059S;C ;03-fev-03;21-mai-03
SP01G1023;00000067S;C ;19-nov-01;17-mai-02
SP01G1023;00000067S;C ;20-mai-02;19-dez-02
SP01G1023;00000067S;C ;03-fev-03;21-mai-03
SP01G1023;00000068S;C ;07-jan-02;01-abr-02
SP01G1023;00000068S;S ;04-jul-05;25-ago-05
SP01G1023;00000070S;C ;09-mai-02;17-mai-02
SP01G1023;00000070S;C ;20-mai-02;19-dez-02
SP01G1023;00000070S;C ;03-fev-03;21-mai-03
SP01G1023;00000071S;C ;09-mai-02;17-mai-02
SP01G1023;00000071S;C ;20-mai-02;19-dez-02
SP01G1023;00000071S;C ;03-fev-03;21-mai-03
SP01G1023;00000074S;C ;22-abr-03;21-mai-03
SP01G1023;00000089S;C ;28-jul-09;08-dez-10
SP01G1023;00000089S;C ;29-nov-11;29-nov-11
SP01G1023;00000099S;T ;12-mar-03;30-jul-03
SP01G1023;00000101S;C ;28-set-09;07-out-09
SP01G1023;00000108S;S ;14-jun-06;15-jul-06
SP01G1023;00000113S;C ;30-set-09;31-dez-09
SP01G1023;00000117S;S ;12-jan-09;12-fev-09
SP01G1023;00000124S;C ;13-out-09;31-dez-09
SP01G1023;00000151S;S ;17-jul-12;16-ago-12
SP01G1024;000000002;T ;02-mai-95;15-jun-95
SP01G1024;000000007;T ;30-mar-89;01-mai-95
SP01G1024;000000018;T ;16-jun-95;14-ago-95
SP01G1024;000000031;T ;27-jun-96;11-mai-97
SP01G1024;000000032;T ;21-mai-97;01-mai-07
SP01G1024;000000032;T ;12-jan-11;
SP01G1024;00000005S;C ;19-nov-01;06-jan-02
SP01G1024;000000062;T ;03-mai-07;02-jan-11
SP01G1024;00000011S;T ;31-ago-95;26-jun-96
SP01G1024;00000013S;C ;25-ago-99;19-dez-99
SP01G1024;00000013S;C ;01-fev-00;30-jun-00
SP01G1024;00000013S;C ;23-ago-00;19-dez-00
SP01G1024;00000013S;C ;01-fev-01;29-jun-01
SP01G1024;00000013S;C ;01-ago-01;28-set-01
SP01G1024;00000013S;C ;29-set-01;31-out-01
SP01G1024;00000013S;C ;19-nov-01;17-mai-02
SP01G1024;00000013S;C ;20-mai-02;19-dez-02
SP01G1024;00000013S;C ;03-fev-03;01-abr-03
SP01G1024;00000035S;C ;30-jun-08;30-jul-08
SP01G1024;00000036S;S ;01-set-98;30-out-98
SP01G1024;00000036S;S ;01-mar-99;14-mar-99
SP01G1024;00000036S;S ;17-mai-99;30-jun-99
SP01G1024;00000036S;S ;15-mai-00;30-jun-00
SP01G1024;00000041S;C ;19-nov-01;17-mai-02
SP01G1024;00000041S;C ;20-mai-02;19-dez-02
SP01G1024;00000045S;C ;25-ago-99;19-dez-99
SP01G1024;00000045S;C ;01-fev-00;30-jun-00
SP01G1024;00000045S;C ;01-ago-00;19-dez-00
SP01G1024;00000045S;C ;01-fev-01;29-jun-01
SP01G1024;00000045S;C ;01-ago-01;28-set-01
SP01G1024;00000045S;C ;29-set-01;31-out-01
SP01G1024;00000045S;S ;13-fev-13;15-mar-13
SP01G1024;00000045S;S ;12-ago-14;11-set-14
SP01G1024;00000046S;S ;21-fev-07;28-mar-07
SP01G1024;00000051S;C ;09-jan-06;19-dez-06
SP01G1024;00000052S;C ;03-abr-03;21-abr-03
SP01G1024;00000055S;C ;19-nov-01;17-mai-02
SP01G1024;00000055S;C ;20-mai-02;19-dez-02
SP01G1024;00000055S;C ;03-fev-03;21-mai-03
SP01G1024;00000055S;C ;28-set-09;31-dez-09
SP01G1024;00000058S;C ;19-nov-01;07-mai-02
SP01G1024;00000059S;C ;03-fev-03;21-mai-03
SP01G1024;00000067S;C ;19-nov-01;17-mai-02
SP01G1024;00000067S;C ;20-mai-02;19-dez-02
SP01G1024;00000067S;C ;03-fev-03;21-mai-03
SP01G1024;00000068S;C ;07-jan-02;01-abr-02
SP01G1024;00000068S;S ;07-jan-05;07-mar-05
SP01G1024;00000068S;S ;09-jan-06;09-fev-06
SP01G1024;00000070S;C ;09-mai-02;17-mai-02
SP01G1024;00000070S;C ;20-mai-02;19-dez-02
SP01G1024;00000070S;C ;03-fev-03;21-mai-03
SP01G1024;00000071S;C ;09-mai-02;17-mai-02
SP01G1024;00000071S;C ;20-mai-02;19-dez-02
SP01G1024;00000071S;C ;03-fev-03;21-mai-03
SP01G1024;00000074S;C ;22-abr-03;21-mai-03
SP01G1024;00000089S;S ;04-fev-09;04-abr-09
SP01G1024;00000101S;C ;02-set-09;22-set-09
SP01G1024;00000108S;C ;15-set-10;14-out-10
SP01G1024;00000111S;C ;18-ago-09;15-dez-10
SP01G1024;00000113S;C ;30-set-09;31-dez-09
SP01G1024;00000116S;C ;16-ago-10;14-set-10
SP01G1024;00000124S;C ;13-out-09;31-dez-09
SP01G1024;00000144S;S ;24-ago-15;23-set-15
SP01G1025;000000061;T ;02-jul-14;26-jul-15
SP01G1025;000000073;T ;22-dez-15;
SP01G1025;00000081S;S ;04-mai-15;13-mai-15
SP01G1025;00000089S;S ;15-fev-16;16-mar-16
SP01G1025;00000111S;S ;07-jul-16;28-jul-16
SP01G1025;00000111S;C ;08-nov-16;08-nov-16
SP01G1025;00000143S;T ;27-jul-15;21-dez-15
SP01G1025;00000143S;C ;14-jun-16;14-jun-16
SP01G1051;000000013;T ;01-ago-95;18-dez-95
SP01G1051;000000017;T ;19-dez-95;05-out-97
SP01G1051;000000033;T ;24-abr-98;07-set-03
SP01G1051;00000004S;C ;22-nov-01;17-mai-02
SP01G1051;00000004S;C ;20-mai-02;19-dez-02
SP01G1051;00000004S;C ;03-fev-03;21-mai-03
SP01G1051;000000050;T ;12-set-03;01-jul-14
SP01G1051;00000022S;C ;03-fev-03;21-mai-03
SP01G1051;00000029S;T ;06-out-97;23-abr-98
SP01G1051;00000034S;C ;18-fev-02;17-mai-02
SP01G1051;00000034S;C ;20-mai-02;19-dez-02
SP01G1051;00000035S;C ;19-nov-01;17-mai-02
SP01G1051;00000035S;C ;20-mai-02;19-dez-02
SP01G1051;00000035S;C ;03-fev-03;20-mai-03
SP01G1051;00000035S;S ;10-jan-05;09-fev-05
SP01G1051;00000035S;C ;06-jul-09;05-ago-09
SP01G1051;00000044S;C ;25-ago-99;19-dez-99
SP01G1051;00000044S;C ;01-fev-00;30-jun-00
SP01G1051;00000044S;C ;01-ago-00;30-set-00
SP01G1051;00000044S;C ;01-fev-01;29-jun-01
SP01G1051;00000044S;C ;01-ago-01;09-set-01
SP01G1051;00000044S;S ;10-set-01;28-set-01
SP01G1051;00000044S;C ;11-out-01;31-out-01
SP01G1051;00000044S;C ;19-nov-01;31-jan-02
SP01G1051;00000051S;C ;28-set-09;31-dez-09
SP01G1051;00000052S;C ;10-set-01;28-set-01
SP01G1051;00000052S;C ;29-set-01;10-out-01
SP01G1051;00000052S;C ;19-nov-01;27-fev-02
SP01G1051;00000054S;C ;19-nov-01;17-mai-02
SP01G1051;00000055S;C ;28-set-09;31-dez-09
SP01G1051;00000060S;C ;01-out-00;19-dez-00
SP01G1051;00000060S;C ;05-fev-01;29-jun-01
SP01G1051;00000060S;C ;01-ago-01;28-set-01
SP01G1051;00000060S;C ;29-set-01;31-out-01
SP01G1051;00000060S;S ;07-jan-10;08-fev-10
SP01G1051;00000062S;C ;03-fev-03;21-mai-03
SP01G1051;00000063S;C ;19-nov-01;17-mai-02
SP01G1051;00000063S;C ;20-mai-02;19-dez-02
SP01G1051;00000063S;C ;03-fev-03;20-mai-03
SP01G1051;00000069S;C ;04-mar-02;17-mai-02
SP01G1051;00000069S;C ;20-mai-02;19-dez-02
SP01G1051;00000069S;C ;03-fev-03;21-mai-03
SP01G1051;00000069S;S ;03-jul-06;02-ago-06
SP01G1051;00000069S;C ;08-jan-07;07-fev-07
SP01G1051;00000069S;S ;11-jun-07;09-ago-07
SP01G1051;00000070S;C ;16-fev-06;20-jun-06
SP01G1051;00000072S;C ;20-mai-02;19-dez-02
SP01G1051;00000075S;T ;08-set-03;11-set-03
SP01G1051;00000083S;S ;10-jan-11;09-fev-11
SP01G1051;00000083S;S ;28-jun-11;26-ago-11
SP01G1051;00000083S;S ;09-jan-12;08-fev-12
SP01G1051;00000083S;S ;02-jul-12;01-ago-12
SP01G1051;00000083S;S ;07-jan-13;06-fev-13
SP01G1051;00000083S;S ;01-jul-13;31-jul-13
SP01G1051;00000101S;C ;28-set-09;07-out-09
SP01G1051;00000113S;C ;30-set-09;31-dez-09
SP01G1051;00000122S;C ;03-dez-12;03-dez-12
SP01G1051;00000124S;C ;13-out-09;31-dez-09
SP01G1052;000000021;T ;02-mai-07;02-ago-09
SP01G1052;000000022;T ;01-ago-95;01-mai-07
SP01G1052;00000004S;C ;22-nov-01;17-mai-02
SP01G1052;00000004S;C ;20-mai-02;19-dez-02
SP01G1052;00000004S;C ;03-fev-03;21-mai-03
SP01G1052;000000055;T ;03-ago-09;01-jul-14
SP01G1052;00000022S;S ;31-mar-99;14-mai-99
SP01G1052;00000022S;S ;29-mai-02;01-jul-02
SP01G1052;00000022S;C ;03-fev-03;21-mai-03
SP01G1052;00000033S;S ;03-jul-06;02-ago-06
SP01G1052;00000034S;C ;18-fev-02;17-mai-02
SP01G1052;00000034S;C ;20-mai-02;19-dez-02
SP01G1052;00000035S;C ;25-ago-99;19-dez-99
SP01G1052;00000035S;C ;01-fev-00;12-mar-00
SP01G1052;00000035S;S ;13-mar-00;12-abr-00
SP01G1052;00000035S;C ;12-mai-00;30-jun-00
SP01G1052;00000035S;C ;01-ago-00;19-dez-00
SP01G1052;00000035S;C ;01-fev-01;13-mar-01
SP01G1052;00000035S;S ;14-mar-01;30-abr-01
SP01G1052;00000035S;C ;01-mai-01;29-jun-01
SP01G1052;00000035S;S ;06-ago-01;28-set-01
SP01G1052;00000035S;C ;29-set-01;31-out-01
SP01G1052;00000035S;C ;19-nov-01;17-mai-02
SP01G1052;00000035S;C ;20-mai-02;19-dez-02
SP01G1052;00000035S;C ;03-fev-03;20-mai-03
SP01G1052;00000035S;S ;01-mai-04;31-dez-04
SP01G1052;00000043S;C ;25-ago-99;19-dez-99
SP01G1052;00000043S;C ;01-fev-00;30-jun-00
SP01G1052;00000043S;C ;01-ago-00;19-dez-00
SP01G1052;00000043S;C ;01-fev-01;29-jun-01
SP01G1052;00000043S;C ;01-out-01;02-out-01
SP01G1052;00000044S;C ;19-nov-01;31-jan-02
SP01G1052;00000050S;C ;13-mar-00;12-abr-00
SP01G1052;00000050S;C ;24-abr-01;24-abr-01
SP01G1052;00000052S;C ;19-nov-01;27-fev-02
SP01G1052;00000054S;C ;19-nov-01;17-mai-02
SP01G1052;00000055S;C ;28-set-09;31-dez-09
SP01G1052;00000061S;C ;14-mar-01;20-abr-01
SP01G1052;00000061S;C ;06-ago-01;28-set-01
SP01G1052;00000062S;C ;03-fev-03;21-mai-03
SP01G1052;00000063S;C ;01-ago-01;28-set-01
SP01G1052;00000063S;C ;03-out-01;31-out-01
SP01G1052;00000063S;C ;19-nov-01;17-mai-02
SP01G1052;00000063S;C ;20-mai-02;19-dez-02
SP01G1052;00000063S;C ;03-fev-03;20-mai-03
SP01G1052;00000069S;C ;04-mar-02;17-mai-02
SP01G1052;00000069S;C ;20-mai-02;19-dez-02
SP01G1052;00000069S;C ;03-fev-03;21-mai-03
SP01G1052;00000069S;S ;26-set-05;26-out-05
SP01G1052;00000069S;S ;09-jan-06;07-fev-06
SP01G1052;00000069S;S ;08-fev-06;08-fev-06
SP01G1052;00000070S;C ;16-fev-06;20-jun-06
SP01G1052;00000070S;S ;02-ago-10;30-set-10
SP01G1052;00000072S;C ;20-mai-02;19-dez-02
SP01G1052;00000081S;S ;04-ago-08;04-ago-08
SP01G1052;00000081S;S ;18-ago-08;18-ago-08
SP01G1052;00000081S;S ;25-ago-08;25-ago-08
SP01G1052;00000101S;C ;28-set-09;07-out-09
SP01G1052;00000111S;C ;13-out-08;15-dez-10
SP01G1052;00000113S;C ;30-set-09;31-dez-09
SP01G1052;00000116S;C ;10-mar-08;31-jul-08
SP01G1052;00000118S;S ;27-fev-07;27-abr-07
SP01G1052;00000122S;S ;07-mai-12;23-jun-12
SP01G1052;00000124S;C ;13-out-09;31-dez-09
SP01G1053;000000023;T ;01-ago-95;28-jun-07
SP01G1053;000000032;T ;29-jun-07;11-jan-11
SP01G1053;00000004S;C ;22-nov-01;17-mai-02
SP01G1053;00000004S;C ;20-mai-02;19-dez-02
SP01G1053;00000004S;C ;03-fev-03;21-mai-03
SP01G1053;000000061;T ;28-jan-11;01-jul-14
SP01G1053;00000022S;C ;03-fev-03;21-mai-03
SP01G1053;00000026S;C ;01-ago-00;19-dez-00
SP01G1053;00000026S;C ;01-fev-01;29-jun-01
SP01G1053;00000026S;C ;01-ago-01;28-set-01
SP01G1053;00000030S;C ;25-ago-99;19-dez-99
SP01G1053;00000033S;S ;08-jan-07;07-abr-07
SP01G1053;00000034S;C ;18-fev-02;17-mai-02
SP01G1053;00000034S;C ;20-mai-02;19-dez-02
SP01G1053;00000035S;C ;19-nov-01;17-mai-02
SP01G1053;00000035S;C ;20-mai-02;19-dez-02
SP01G1053;00000035S;C ;03-fev-03;20-mai-03
SP01G1053;00000035S;S ;10-fev-05;30-mar-05
SP01G1053;00000044S;C ;19-nov-01;31-jan-02
SP01G1053;00000046S;C ;25-ago-99;19-dez-99
SP01G1053;00000046S;C ;01-fev-00;30-jun-00
SP01G1053;00000046S;S ;25-fev-10;25-abr-10
SP01G1053;00000048S;C ;09-fev-00;30-jun-00
SP01G1053;00000048S;C ;01-ago-00;19-dez-00
SP01G1053;00000048S;C ;01-fev-01;29-jun-01
SP01G1053;00000048S;C ;01-ago-01;28-set-01
SP01G1053;00000048S;C ;29-set-01;31-out-01
SP01G1053;00000051S;C ;28-set-09;31-dez-09
SP01G1053;00000052S;C ;19-nov-01;27-fev-02
SP01G1053;00000054S;C ;19-nov-01;17-mai-02
SP01G1053;00000055S;C ;28-set-09;31-dez-09
SP01G1053;00000059S;S ;19-nov-12;19-dez-12
SP01G1053;00000059S;S ;22-out-13;19-dez-13
SP01G1053;00000062S;C ;03-fev-03;21-mai-03
SP01G1053;00000063S;C ;19-nov-01;17-mai-02
SP01G1053;00000063S;C ;20-mai-02;19-dez-02
SP01G1053;00000063S;C ;03-fev-03;20-mai-03
SP01G1053;00000064S;C ;29-set-01;31-out-01
SP01G1053;00000069S;C ;04-mar-02;17-mai-02
SP01G1053;00000069S;C ;20-mai-02;19-dez-02
SP01G1053;00000069S;C ;03-fev-03;21-mai-03
SP01G1053;00000070S;C ;16-fev-06;20-jun-06
SP01G1053;00000072S;C ;20-mai-02;19-dez-02
SP01G1053;00000078S;S ;02-fev-03;20-mar-04
SP01G1053;00000083S;S ;09-abr-12;09-mai-12
SP01G1053;00000101S;C ;28-set-09;07-out-09
SP01G1053;00000113S;C ;30-set-09;31-dez-09
SP01G1053;00000124S;C ;13-out-09;31-dez-09
SP01G1053;00000140S;S ;01-mar-11;01-abr-11
SP01G1053;00000140S;S ;03-out-11;02-nov-11
SP01G1054;000000027;T ;01-ago-95;06-nov-12
SP01G1054;00000004S;C ;25-ago-99;19-dez-99
SP01G1054;00000004S;C ;01-fev-00;30-jun-00
SP01G1054;00000004S;C ;02-ago-00;29-ago-00
SP01G1054;00000004S;C ;02-out-00;19-dez-00
SP01G1054;00000004S;C ;01-fev-01;15-abr-01
SP01G1054;00000004S;C ;27-mai-01;29-jun-01
SP01G1054;00000004S;C ;01-ago-01;26-set-01
SP01G1054;00000004S;S ;27-set-01;30-out-01
SP01G1054;00000004S;C ;31-out-01;31-out-01
SP01G1054;00000004S;C ;22-nov-01;17-mai-02
SP01G1054;00000004S;C ;20-mai-02;19-dez-02
SP01G1054;00000004S;C ;03-fev-03;21-mai-03
SP01G1054;000000067;T ;01-abr-13;01-jul-14
SP01G1054;00000022S;C ;03-fev-03;21-mai-03
SP01G1054;00000027S;S ;01-set-97;30-out-97
SP01G1054;00000027S;T ;06-dez-12;31-mar-13
SP01G1054;00000034S;S ;18-ago-98;22-set-98
SP01G1054;00000034S;C ;18-fev-02;17-mai-02
SP01G1054;00000034S;C ;20-mai-02;19-dez-02
SP01G1054;00000035S;C ;19-nov-01;17-mai-02
SP01G1054;00000035S;C ;20-mai-02;19-dez-02
SP01G1054;00000035S;C ;03-fev-03;20-mai-03
SP01G1054;00000035S;C ;02-ago-06;19-dez-06
SP01G1054;00000044S;C ;19-nov-01;31-jan-02
SP01G1054;00000051S;C ;28-set-09;31-dez-09
SP01G1054;00000052S;C ;19-nov-01;27-fev-02
SP01G1054;00000054S;C ;27-set-01;30-out-01
SP01G1054;00000054S;C ;19-nov-01;17-mai-02
SP01G1054;00000055S;C ;28-set-09;31-dez-09
SP01G1054;00000057S;C ;30-ago-00;01-out-00
SP01G1054;00000057S;C ;16-abr-01;26-mai-01
SP01G1054;00000057S;S ;11-set-06;11-out-06
SP01G1054;00000060S;S ;08-jan-07;07-fev-07
SP01G1054;00000060S;S ;08-out-13;10-nov-13
SP01G1054;00000062S;C ;03-fev-03;21-mai-03
SP01G1054;00000063S;C ;19-nov-01;17-mai-02
SP01G1054;00000063S;C ;20-mai-02;19-dez-02
SP01G1054;00000063S;C ;03-fev-03;20-mai-03
SP01G1054;00000067S;S ;07-jan-14;23-fev-14
SP01G1054;00000067S;C ;19-mai-14;19-mai-14
SP01G1054;00000069S;C ;04-mar-02;17-mai-02
SP01G1054;00000069S;C ;20-mai-02;19-dez-02
SP01G1054;00000069S;C ;03-fev-03;21-mai-03
SP01G1054;00000070S;C ;16-fev-06;20-jun-06
SP01G1054;00000072S;C ;20-mai-02;19-dez-02
SP01G1054;00000078S;S ;09-jan-06;07-fev-06
SP01G1054;00000078S;S ;08-fev-06;08-fev-06
SP01G1054;00000083S;S ;07-jan-05;06-fev-05
SP01G1054;00000090S;S ;24-jun-14;01-jul-14
SP01G1054;00000101S;C ;28-set-09;07-out-09
SP01G1054;00000113S;C ;30-set-09;31-dez-09
SP01G1054;00000116S;S ;24-jun-13;25-jul-13
SP01G1054;00000124S;C ;13-out-09;31-dez-09
SP01G2031;000000006;T ;30-mar-89;26-mar-98
SP01G2031;000000014;T ;18-fev-14;02-jun-15
SP01G2031;000000034;T ;14-ago-98;16-fev-14
SP01G2031;00000005S;T ;30-mar-98;13-ago-98
SP01G2031;000000061;T ;27-jul-15;
SP01G2031;00000059S;S ;01-abr-13;18-mai-13
SP01G2031;00000059S;S ;29-jan-14;13-fev-14
SP01G2031;00000067S;T ;03-jun-15;26-jul-15
SP01G2031;00000080S;C ;17-abr-06;16-jun-06
SP01G2031;00000081S;C ;11-mai-15;20-mai-15
SP01G2031;00000081S;C ;01-jun-15;02-jun-15
SP01G2031;00000081S;C ;08-jun-15;19-jun-15
SP01G2031;00000081S;S ;03-ago-15;24-set-15
SP01G2031;00000081S;S ;15-fev-16;16-mar-16
SP01G2031;00000082S;C ;28-set-09;15-dez-10
SP01G2031;00000089S;C ;05-jul-06;08-dez-10
SP01G2031;00000091S;S ;15-ago-05;25-ago-05
SP01G2031;00000091S;C ;25-ago-05;14-set-05
SP01G2031;00000091S;S ;16-jan-06;18-fev-06
SP01G2031;00000091S;S ;23-jan-12;16-fev-12
SP01G2031;00000091S;C ;17-fev-12;17-fev-12
SP01G2031;00000091S;S ;13-jun-12;13-jul-12
SP01G2031;00000101S;S ;29-jan-07;07-fev-07
SP01G2031;00000104S;C ;28-set-09;15-dez-10
SP01G2031;00000109S;S ;19-jun-06;18-jul-06
SP01G2031;00000109S;S ;19-jul-06;19-jul-06
SP01G2031;00000111S;C ;28-set-09;15-dez-10
SP01G2031;00000113S;C ;14-jan-15;12-mai-15
SP01G2031;00000113S;C ;28-mai-15;28-mai-15
SP01G2031;00000116S;S ;20-ago-13;19-set-13
SP01G2031;00000116S;C ;09-dez-14;13-jan-15
SP01G2031;00000116S;C ;28-mai-15;28-mai-15
SP01G2031;00000119S;C ;01-abr-14;08-dez-14
SP01G2031;00000119S;C ;05-fev-15;05-fev-15
SP01G2031;00000134S;S ;16-ago-11;15-set-11
SP01G2032;000000009;T ;30-mar-89;02-mai-99
SP01G2032;000000037;T ;17-jun-99;23-set-13
SP01G2032;000000037;T ;08-nov-13;
SP01G2032;00000024S;S ;01-jun-98;31-dez-98
SP01G2032;00000040S;T ;04-mai-99;16-jun-99
SP01G2032;00000057S;S ;17-out-06;15-dez-06
SP01G2032;00000059S;C ;06-ago-10;05-set-10
SP01G2032;00000059S;C ;07-mar-12;19-abr-12
SP01G2032;00000059S;S ;20-mai-13;07-jun-13
SP01G2032;00000071S;S ;14-fev-05;16-mar-05
SP01G2032;00000082S;C ;28-set-09;15-dez-10
SP01G2032;00000089S;C ;03-out-06;08-dez-10
SP01G2032;00000089S;C ;12-abr-12;12-abr-12
SP01G2032;00000089S;S ;01-out-14;31-out-14
SP01G2032;00000089S;C ;15-jan-15;15-jan-15
SP01G2032;00000089S;C ;26-fev-15;26-fev-15
SP01G2032;00000089S;C ;23-abr-15;23-abr-15
SP01G2032;00000089S;C ;28-mai-15;28-mai-15
SP01G2032;00000089S;C ;25-jun-15;25-jun-15
SP01G2032;00000089S;S ;01-jul-15;02-ago-15
SP01G2032;00000089S;C ;05-nov-15;05-nov-15
SP01G2032;00000089S;S ;11-jan-16;10-fev-16
SP01G2032;00000089S;C ;28-abr-16;28-abr-16
SP01G2032;00000089S;C ;19-mai-16;19-mai-16
SP01G2032;00000089S;C ;30-jun-16;30-jun-16
SP01G2032;00000089S;C ;21-jul-16;21-jul-16
SP01G2032;00000089S;C ;22-set-16;22-set-16
SP01G2032;00000089S;S ;13-out-16;08-nov-16
SP01G2032;00000096S;S ;14-nov-05;13-dez-05
SP01G2032;00000096S;S ;14-dez-05;14-dez-05
SP01G2032;00000096S;S ;15-dez-05;16-dez-05
SP01G2032;00000096S;S ;13-jun-06;13-jul-06
SP01G2032;00000104S;C ;28-set-09;15-dez-10
SP01G2032;00000104S;S ;15-mai-12;14-jun-12
SP01G2032;00000104S;T ;24-set-13;07-nov-13
SP01G2032;00000104S;C ;03-abr-14;03-abr-14
SP01G2032;00000106S;C ;03-nov-10;03-dez-10
SP01G2032;00000111S;C ;28-set-09;15-dez-10
SP01G2032;00000111S;C ;08-set-16;08-set-16
SP01G2032;00000144S;S ;02-jul-12;02-ago-12
SP01G2033;000000001;T ;31-mar-89;23-abr-92
SP01G2033;000000002;T ;30-mar-89;01-mai-91
SP01G2033;000000008;T ;05-mai-03;26-mar-15
SP01G2033;000000014;T ;08-mai-92;31-jul-95
SP01G2033;000000021;T ;01-ago-95;04-mai-03
SP01G2033;000000044;T ;25-mai-15;
SP01G2033;00000059S;S ;10-fev-04;07-mar-04
SP01G2033;00000059S;S ;20-jun-06;20-jul-06
SP01G2033;00000059S;S ;21-jul-06;04-ago-06
SP01G2033;00000059S;S ;17-nov-06;19-dez-06
SP01G2033;00000059S;S ;07-jan-11;06-fev-11
SP01G2033;00000059S;S ;15-jun-11;15-jul-11
SP01G2033;00000059S;S ;02-jul-12;01-ago-12
SP01G2033;00000059S;C ;13-dez-12;13-dez-12
SP01G2033;00000059S;S ;19-jun-13;19-jul-13
SP01G2033;00000067S;T ;27-mar-15;24-mai-15
SP01G2033;00000082S;C ;28-set-09;15-dez-10
SP01G2033;00000088S;S ;06-jul-15;05-ago-15
SP01G2033;00000089S;C ;02-mar-06;08-dez-10
SP01G2033;00000089S;C ;07-jul-11;07-jul-11
SP01G2033;00000089S;S ;30-jun-14;30-jul-14
SP01G2033;00000089S;C ;18-dez-14;18-dez-14
SP01G2033;00000089S;C ;22-jan-15;22-jan-15
SP01G2033;00000089S;C ;05-fev-15;05-fev-15
SP01G2033;00000094S;S ;03-out-05;03-nov-05
SP01G2033;00000094S;C ;03-nov-05;29-nov-05
SP01G2033;00000096S;S ;20-fev-06;17-abr-06
SP01G2033;00000096S;S ;16-mai-06;12-jun-06
SP01G2033;00000104S;C ;28-set-09;15-dez-10
SP01G2033;00000111S;C ;28-set-09;15-dez-10
SP01G2033;00000111S;C ;13-dez-12;13-dez-12
SP01G2033;00000116S;S ;07-jan-16;06-fev-16
SP01G2033;00000116S;C ;02-jun-16;02-jun-16
SP01G2033;00000116S;C ;30-jun-16;30-jun-16
SP01G2034;000000005;T ;03-mai-99;16-jul-99
SP01G2034;000000008;T ;30-mar-89;04-mai-97
SP01G2034;000000011;T ;02-out-98;07-out-98
SP01G2034;000000039;T ;20-dez-02;
SP01G2034;00000004S;T ;16-mai-97;01-out-98
SP01G2034;00000004S;T ;08-out-98;02-mai-99
SP01G2034;00000037S;T ;16-set-02;19-dez-02
SP01G2034;00000040S;T ;04-ago-99;13-jun-02
SP01G2034;00000041S;S ;12-mai-99;01-jul-99
SP01G2034;00000044S;T ;14-jun-02;12-set-02
SP01G2034;00000051S;C ;05-ago-09;21-ago-09
SP01G2034;00000051S;C ;25-ago-09;24-set-09
SP01G2034;00000059S;C ;13-dez-12;13-dez-12
SP01G2034;00000081S;S ;02-out-06;12-out-06
SP01G2034;00000081S;S ;04-abr-16;22-mai-16
SP01G2034;00000082S;C ;28-set-09;15-dez-10
SP01G2034;00000089S;S ;27-jun-05;10-ago-05
SP01G2034;00000089S;C ;12-set-05;08-dez-10
SP01G2034;00000089S;S ;24-mar-14;21-abr-14
SP01G2034;00000089S;C ;23-abr-15;23-abr-15
SP01G2034;00000104S;S ;03-ago-06;23-ago-06
SP01G2034;00000104S;C ;08-nov-06;08-nov-06
SP01G2034;00000104S;S ;03-jul-09;15-dez-10
SP01G2034;00000111S;S ;18-jul-06;02-ago-06
SP01G2034;00000111S;S ;10-nov-06;19-dez-06
SP01G2034;00000111S;C ;28-set-09;15-dez-10
SP01G2034;00000111S;C ;13-dez-12;13-dez-12
SP01G2034;00000111S;C ;07-jan-13;18-fev-13
SP01G2034;00000111S;S ;19-fev-13;22-mar-13
SP01G2034;00000111S;S ;01-abr-13;17-abr-13
SP01G2034;00000111S;C ;18-abr-13;19-abr-13
SP01G2034;00000111S;S ;20-abr-13;08-mai-13
SP01G2034;00000111S;C ;09-mai-13;09-mai-13
SP01G2034;00000111S;S ;10-mai-13;14-mai-13
SP01G2034;00000111S;C ;15-mai-13;15-mai-13
SP01G2034;00000111S;S ;16-mai-13;16-mai-13
SP01G2034;00000111S;S ;16-set-13;08-out-13
SP01G2034;00000111S;C ;07-nov-13;07-nov-13
SP01G2034;00000111S;S ;12-dez-13;19-dez-13
SP01G2034;00000111S;S ;07-jan-14;07-fev-14
SP01G2034;00000111S;S ;10-fev-14;05-mar-14
SP01G2034;00000111S;S ;22-abr-14;25-mai-14
SP01G2034;00000111S;C ;04-jun-14;04-jun-14
SP01G2034;00000111S;C ;21-ago-14;21-ago-14
SP01G2034;00000111S;C ;04-set-14;04-set-14
SP01G2034;00000111S;C ;18-set-14;18-set-14
SP01G2034;00000111S;C ;06-nov-14;06-nov-14
SP01G2034;00000111S;C ;26-fev-15;26-fev-15
SP01G2034;00000111S;C ;09-abr-15;09-abr-15
SP01G2034;00000116S;S ;24-ago-06;13-set-06
SP01G2034;00000116S;S ;16-out-06;08-nov-06
SP01G2034;00000116S;S ;09-out-13;30-out-13
SP01G2034;00000116S;S ;19-nov-13;11-dez-13
SP01G2034;00000116S;S ;06-mar-14;23-mar-14
SP01G2034;00000116S;S ;26-mai-14;01-jul-14
SP01G2034;00000116S;C ;21-ago-14;21-ago-14
SP01G2034;00000116S;C ;16-out-14;16-out-14
SP01G2034;00000116S;C ;06-nov-14;06-nov-14
SP01G2034;00000116S;S ;23-out-15;10-dez-15
SP01G2034;00000124S;S ;04-jul-07;22-jul-07
SP01G2034;00000124S;S ;04-jul-11;03-ago-11
SP01G2034;00000124S;S ;22-fev-12;29-mar-12
SP01G2041;000000011;T ;30-mar-89;01-out-98
SP01G2041;000000023;T ;22-fev-12;
SP01G2041;000000030;T ;07-jan-03;16-fev-12
SP01G2041;000000035;T ;02-out-98;19-dez-02
SP01G2041;00000005S;S ;06-out-98;14-nov-98
SP01G2041;00000005S;S ;16-nov-98;18-dez-98
SP01G2041;00000049S;S ;10-jan-01;08-fev-11
SP01G2041;00000049S;S ;22-fev-12;14-mai-12
SP01G2041;00000054S;S ;02-mai-00;05-jun-00
SP01G2041;00000064S;S ;07-jan-13;08-mar-14
SP01G2041;00000064S;S ;07-jan-15;07-jan-15
SP01G2041;00000068S;T ;20-dez-02;06-jan-03
SP01G2041;00000082S;C ;28-set-09;15-dez-10
SP01G2041;00000089S;C ;28-set-09;08-dez-10
SP01G2041;00000094S;C ;01-mai-06;19-dez-06
SP01G2041;00000096S;C ;18-jan-07;27-jun-07
SP01G2041;00000104S;C ;28-set-09;15-dez-10
SP01G2041;00000111S;C ;28-set-09;15-dez-10
SP01G2041;00000160S;S ;07-jan-16;06-mar-16
SP01G2042;000000010;T ;30-mar-89;04-out-95
SP01G2042;000000013;T ;19-dez-95;14-jan-02
SP01G2042;000000038;T ;14-jun-02;10-ago-15
SP01G2042;000000071;T ;17-set-15;
SP01G2042;00000016S;T ;19-out-95;18-dez-95
SP01G2042;00000044S;S ;01-out-00;31-dez-00
SP01G2042;00000044S;T ;01-fev-02;13-jun-02
SP01G2042;00000045S;S ;08-set-10;28-out-10
SP01G2042;00000056S;S ;01-jun-00;30-set-00
SP01G2042;00000057S;T ;12-ago-15;16-set-15
SP01G2042;00000082S;C ;28-set-09;15-dez-10
SP01G2042;00000089S;C ;28-set-09;08-dez-10
SP01G2042;00000089S;S ;27-fev-15;30-mar-15
SP01G2042;00000089S;C ;21-mai-15;21-mai-15
SP01G2042;00000089S;C ;18-jun-15;18-jun-15
SP01G2042;00000104S;C ;28-set-09;15-dez-10
SP01G2042;00000111S;C ;28-set-09;15-dez-10
SP01G2043;000000002;T ;16-jun-95;31-jul-95
SP01G2043;000000012;T ;30-mar-89;12-abr-93
SP01G2043;000000018;T ;11-mai-93;15-jun-95
SP01G2043;000000024;T ;19-fev-10;21-fev-12
SP01G2043;000000024;T ;02-mar-12;
SP01G2043;000000025;T ;30-ago-96;09-ago-01
SP01G2043;000000026;T ;20-dez-02;10-abr-03
SP01G2043;000000026;T ;18-dez-06;18-fev-10
SP01G2043;000000028;T ;01-ago-95;29-ago-96
SP01G2043;000000039;T ;14-jun-02;19-dez-02
SP01G2043;00000024S;S ;28-mai-99;27-jun-99
SP01G2043;00000024S;S ;02-ago-99;24-out-99
SP01G2043;00000024S;S ;15-fev-00;22-mar-00
SP01G2043;00000024S;T ;16-ago-01;13-jun-02
SP01G2043;00000024S;T ;29-abr-03;15-ago-06
SP01G2043;00000035S;S ;03-set-98;03-out-98
SP01G2043;00000035S;S ;04-out-98;29-out-98
SP01G2043;00000035S;S ;12-nov-98;15-dez-98
SP01G2043;00000035S;S ;07-jan-08;31-dez-08
SP01G2043;00000059S;T ;22-fev-12;01-mar-12
SP01G2043;00000082S;C ;28-set-09;15-dez-10
SP01G2043;00000086S;T ;17-ago-06;20-dez-06
SP01G2043;00000089S;C ;28-set-09;08-dez-10
SP01G2043;00000096S;S ;22-jun-15;25-jul-15
SP01G2043;00000104S;C ;28-set-09;15-dez-10
SP01G2043;00000111S;C ;28-set-09;15-dez-10
SP01G2043;00000120S;S ;09-jan-12;09-mar-12
SP01G2043;00000121S;S ;13-out-10;11-dez-10
SP01G2043;00000121S;S ;10-jan-11;09-fev-11
SP01G2043;00000121S;S ;27-jun-11;10-ago-11
SP01G2043;00000121S;C ;05-nov-12;12-abr-13
SP01G2043;00000125S;S ;14-jul-14;20-ago-14
SP01G2043;00000125S;S ;07-jan-15;06-fev-15
SP01G2043;00000125S;C ;16-abr-15;16-abr-15
SP01G2043;00000125S;C ;01-mai-16;
SP01G2043;00000152S;S ;25-jun-12;27-jul-12
SP01G2044;000000003;T ;30-mar-89;02-mai-93
SP01G2044;000000004;T ;03-mai-93;11-mai-97
SP01G2044;000000014;T ;22-out-12;14-jul-13
SP01G2044;000000022;T ;16-fev-12;16-jul-12
SP01G2044;000000031;T ;12-mai-97;21-mai-03
SP01G2044;000000033;T ;08-set-03;16-fev-12
SP01G2044;00000005S;S ;01-fev-99;31-mai-99
SP01G2044;000000069;T ;20-set-13;
SP01G2044;00000035S;C ;22-fev-12;31-mai-12
SP01G2044;00000039S;T ;22-mai-03;01-jul-03
SP01G2044;00000039S;T ;01-ago-03;07-set-03
SP01G2044;00000049S;T ;23-jul-12;21-out-12
SP01G2044;00000049S;C ;29-out-12;31-out-12
SP01G2044;00000049S;C ;05-nov-12;06-jan-13
SP01G2044;00000081S;C ;22-out-12;28-out-12
SP01G2044;00000081S;C ;07-jan-13;13-abr-13
SP01G2044;00000081S;C ;14-abr-13;12-jun-13
SP01G2044;00000081S;T ;15-jul-13;19-set-13
SP01G2044;00000082S;C ;28-set-09;15-dez-10
SP01G2044;00000089S;C ;28-set-09;08-dez-10
SP01G2044;00000104S;C ;28-set-09;15-dez-10
SP01G2044;00000111S;C ;28-set-09;15-dez-10
SP01G2044;00000121S;S ;16-ago-11;14-out-11
SP01G2044;00000128S;C ;11-fev-08;28-mar-08
SP01G2044;00000183S;S ;01-jul-15;31-jul-15
SP01G2044;00000183S;C ;19-ago-15;19-ago-15
SP01G2061;000000007;T ;02-mai-01;02-abr-02
SP01G2061;000000014;T ;01-ago-95;01-mai-01
SP01G2061;000000040;T ;12-jul-02;
SP01G2061;00000024S;S ;15-mai-00;30-jun-00
SP01G2061;00000028S;S ;13-out-98;16-nov-98
SP01G2061;00000039S;S ;01-mar-99;14-mar-99
SP01G2061;00000039S;T ;08-abr-02;12-jul-02
SP01G2061;00000042S;S ;17-mai-99;30-jun-99
SP01G2061;00000057S;S ;01-jun-01;30-jun-01
SP01G2061;00000062S;S ;03-mai-01;01-jun-01
SP01G2061;00000082S;C ;09-jan-06;15-dez-10
SP01G2061;00000082S;C ;16-dez-10;16-dez-10
SP01G2061;00000082S;S ;01-set-14;10-out-14
SP01G2061;00000082S;S ;26-out-15;18-dez-15
SP01G2061;00000089S;C ;28-set-09;08-dez-10
SP01G2061;00000089S;C ;09-dez-10;09-dez-10
SP01G2061;00000100S;S ;07-jan-13;06-fev-13
SP01G2061;00000100S;S ;01-jul-13;31-jul-13
SP01G2061;00000100S;S ;25-nov-13;17-dez-13
SP01G2061;00000100S;C ;14-ago-14;14-ago-14
SP01G2061;00000104S;C ;28-set-09;15-dez-10
SP01G2061;00000104S;C ;16-dez-10;16-dez-10
SP01G2061;00000104S;C ;05-jun-14;05-jun-14
SP01G2061;00000106S;S ;02-mai-06;15-jun-06
SP01G2061;00000106S;S ;04-jul-07;01-ago-07
SP01G2061;00000111S;C ;28-set-09;15-dez-10
SP01G2061;00000111S;C ;16-dez-10;16-dez-10
SP01G2061;00000116S;S ;29-jun-15;31-jul-15
SP01G2061;00000121S;S ;07-jan-15;30-jan-15
SP01G2061;00000121S;C ;07-jan-16;12-fev-16
SP01G2062;000000014;T ;03-jun-15;
SP01G2062;000000024;T ;01-ago-95;01-mai-05
SP01G2062;000000044;T ;21-out-13;24-mai-15
SP01G2062;000000049;T ;15-ago-05;27-ago-13
SP01G2062;00000021S;S ;17-mai-99;30-jun-99
SP01G2062;00000038S;S ;01-mar-99;14-mar-99
SP01G2062;00000038S;S ;29-mar-99;30-abr-99
SP01G2062;00000038S;S ;03-nov-99;07-dez-99
SP01G2062;00000055S;S ;15-mai-00;30-jun-00
SP01G2062;00000056S;C ;16-nov-15;01-out-16
SP01G2062;00000056S;S ;02-out-16;
SP01G2062;00000067S;T ;25-mai-15;02-jun-15
SP01G2062;00000079S;C ;14-fev-05;01-mai-05
SP01G2062;00000082S;C ;09-jan-06;15-dez-10
SP01G2062;00000082S;C ;16-dez-10;16-dez-10
SP01G2062;00000086S;C ;07-mar-05;01-mai-05
SP01G2062;00000086S;T ;02-mai-05;14-ago-05
SP01G2062;00000089S;C ;28-set-09;08-dez-10
SP01G2062;00000089S;C ;09-dez-10;09-dez-10
SP01G2062;00000100S;T ;16-set-13;20-out-13
SP01G2062;00000104S;C ;28-set-09;15-dez-10
SP01G2062;00000104S;C ;16-dez-10;16-dez-10
SP01G2062;00000104S;C ;05-jun-14;05-jun-14
SP01G2062;00000110S;S ;03-jul-06;01-ago-06
SP01G2062;00000110S;S ;02-ago-06;02-ago-06
SP01G2062;00000111S;C ;28-set-09;15-dez-10
SP01G2062;00000111S;C ;16-dez-10;16-dez-10
SP01G2062;00000116S;C ;20-jul-12;10-mar-13
SP01G2062;00000116S;C ;23-out-14;23-out-14
SP01G2062;00000116S;S ;14-jan-15;13-fev-15
SP01G2062;00000116S;C ;04-ago-16;04-ago-16
SP01G2062;00000125S;S ;07-jan-08;06-fev-08
SP01G2063;000000025;T ;01-ago-95;29-ago-96
SP01G2063;000000028;T ;30-ago-96;27-jul-98
SP01G2063;000000033;T ;22-fev-16;
SP01G2063;000000036;T ;27-jan-99;21-fev-16
SP01G2063;00000032S;T ;29-jul-98;26-jan-99
SP01G2063;00000042S;S ;03-ago-99;10-set-99
SP01G2063;00000048S;S ;28-jun-10;04-ago-10
SP01G2063;00000048S;S ;18-out-10;30-nov-10
SP01G2063;00000048S;C ;04-jul-11;03-ago-11
SP01G2063;00000048S;S ;29-ago-11;27-out-11
SP01G2063;00000053S;S ;01-abr-00;16-abr-00
SP01G2063;00000053S;S ;17-abr-00;07-mai-00
SP01G2063;00000082S;C ;10-jan-05;09-fev-05
SP01G2063;00000082S;S ;04-jul-05;25-ago-05
SP01G2063;00000082S;C ;25-ago-05;31-ago-05
SP01G2063;00000082S;C ;26-out-05;30-nov-05
SP01G2063;00000082S;C ;09-jan-06;15-dez-10
SP01G2063;00000082S;C ;16-dez-10;16-dez-10
SP01G2063;00000089S;C ;28-set-09;08-dez-10
SP01G2063;00000089S;C ;09-dez-10;09-dez-10
SP01G2063;00000091S;S ;06-jul-15;05-ago-15
SP01G2063;00000091S;S ;07-jan-16;06-fev-16
SP01G2063;00000100S;S ;11-abr-16;11-mai-16
SP01G2063;00000100S;S ;18-mai-16;17-jun-16
SP01G2063;00000100S;C ;30-jun-16;30-jun-16
SP01G2063;00000100S;S ;11-jul-16;29-jul-16
SP01G2063;00000100S;C ;03-ago-16;03-ago-16
SP01G2063;00000100S;C ;04-ago-16;04-ago-16
SP01G2063;00000104S;C ;28-set-09;15-dez-10
SP01G2063;00000104S;C ;16-dez-10;16-dez-10
SP01G2063;00000104S;C ;05-jun-14;05-jun-14
SP01G2063;00000106S;S ;10-jul-12;10-ago-12
SP01G2063;00000111S;C ;28-set-09;15-dez-10
SP01G2063;00000111S;C ;16-dez-10;16-dez-10
SP01G2063;00000136S;C ;10-set-12;14-out-12
SP01G2063;00000136S;C ;15-out-12;07-nov-12
SP01G2063;00000136S;C ;09-nov-12;01-jan-13
SP01G2063;00000136S;C ;05-jan-13;11-mar-14
SP01G2063;00000136S;C ;14-ago-14;14-ago-14
SP01G2063;00000180S;S ;07-jan-15;06-fev-15
SP01G2064;000000002;T ;01-ago-95;09-set-96
SP01G2064;000000014;T ;29-nov-11;21-fev-12
SP01G2064;000000024;T ;22-fev-12;01-mar-12
SP01G2064;000000030;T ;21-out-96;06-jan-03
SP01G2064;000000042;T ;22-out-12;
SP01G2064;000000043;T ;16-jan-03;15-nov-11
SP01G2064;000000044;T ;07-jan-03;15-jan-03
SP01G2064;00000023S;T ;10-set-96;20-out-96
SP01G2064;00000055S;S ;28-jun-11;28-jul-11
SP01G2064;00000055S;S ;29-jul-11;27-ago-11
SP01G2064;00000055S;S ;28-ago-11;12-set-11
SP01G2064;00000055S;S ;13-set-11;30-set-11
SP01G2064;00000055S;S ;01-out-11;17-nov-11
SP01G2064;00000082S;C ;09-jan-06;15-dez-10
SP01G2064;00000082S;C ;16-dez-10;16-dez-10
SP01G2064;00000082S;C ;27-nov-14;27-nov-14
SP01G2064;00000085S;T ;02-mar-12;21-out-12
SP01G2064;00000089S;C ;28-set-09;08-dez-10
SP01G2064;00000089S;C ;09-dez-10;09-dez-10
SP01G2064;00000098S;S ;09-jan-06;09-dez-06
SP01G2064;00000104S;C ;28-set-09;15-dez-10
SP01G2064;00000104S;C ;16-dez-10;17-ago-11
SP01G2064;00000104S;S ;18-ago-11;18-ago-11
SP01G2064;00000104S;C ;05-jun-14;05-jun-14
SP01G2064;00000111S;C ;28-set-09;15-dez-10
SP01G2064;00000111S;C ;16-dez-10;16-dez-10
SP01G2064;00000134S;S ;12-ago-08;25-jun-09
SP01G2064;00000134S;S ;10-fev-11;24-mar-11
SP01G2064;00000134S;S ;07-abr-11;12-mai-11
SP01G2064;00000134S;S ;23-mai-11;22-jun-11
SP01G3071;000000031;T ;22-mai-03;14-jun-04
SP01G3071;000000061;T ;15-jun-04;27-jan-11
SP01G3071;000000066;T ;28-jan-11;
SP01G3071;00000055S;S ;08-set-10;08-out-10
SP01G3071;00000060S;S ;02-abr-12;28-set-12
SP01G3071;00000079S;S ;17-abr-06;17-mai-06
SP01G3071;00000084S;C ;14-jul-06;14-out-06
SP01G3071;00000100S;S ;29-jun-09;31-jul-09
SP01G3071;00000118S;S ;24-mar-08;12-abr-08
SP01G3071;00000126S;S ;02-mar-09;01-abr-09
SP01G3071;00000130S;S ;13-abr-08;02-mai-08
SP01G3071;00000137S;S ;21-out-08;28-nov-08
SP01G3071;00000153S;C ;03-set-12;17-fev-14
SP01G3072;000000014;T ;15-jul-13;17-fev-14
SP01G3072;000000046;T ;21-mai-03;29-fev-12
SP01G3072;000000070;T ;26-mar-14;
SP01G3072;00000054S;S ;15-ago-03;06-out-03
SP01G3072;00000060S;S ;30-ago-11;13-out-11
SP01G3072;00000060S;S ;18-nov-11;19-dez-11
SP01G3072;00000060S;T ;18-fev-14;25-mar-14
SP01G3072;00000067S;T ;18-jun-12;14-jul-13
SP01G3072;00000081S;T ;01-mar-12;30-abr-12
SP01G3072;00000084S;C ;12-set-05;19-dez-05
SP01G3072;00000093S;S ;10-set-07;10-out-07
SP01G3072;00000097S;S ;07-jan-11;14-fev-11
SP01G3072;00000100S;T ;01-mai-12;17-jun-12
SP01G3072;00000114S;S ;11-set-06;22-out-06
SP01G3072;00000114S;S ;24-set-08;23-out-08
SP01G3072;00000135S;S ;25-ago-08;23-set-08
SP01G3072;00000148S;S ;14-jan-15;13-fev-15
SP01G3072;00000153S;C ;03-set-12;17-fev-14
SP01G3073;000000014;T ;22-fev-12;21-out-12
SP01G3073;000000047;T ;21-mai-03;31-mar-11
SP01G3073;000000069;T ;24-abr-13;19-set-13
SP01G3073;000000071;T ;04-out-13;14-set-14
SP01G3073;000000083;T ;16-fev-16;
SP01G3073;00000054S;S ;17-ago-06;14-nov-06
SP01G3073;00000059S;T ;05-out-11;21-fev-12
SP01G3073;00000067S;T ;27-jul-15;25-jan-16
SP01G3073;00000067S;C ;11-fev-16;11-fev-16
SP01G3073;00000070S;S ;16-mar-05;29-abr-05
SP01G3073;00000070S;S ;19-set-05;03-nov-05
SP01G3073;00000081S;C ;01-mai-12;21-out-12
SP01G3073;00000084S;C ;09-jan-06;11-abr-06
SP01G3073;00000113S;T ;26-jan-16;15-fev-16
SP01G3073;00000124S;S ;12-set-16;13-out-16
SP01G3073;00000129S;S ;24-mar-08;23-abr-08
SP01G3073;00000132S;T ;22-out-12;23-abr-13
SP01G3073;00000136S;S ;24-set-08;24-out-08
SP01G3073;00000140S;T ;05-jul-11;02-out-11
SP01G3073;00000143S;T ;15-set-14;26-jul-15
SP01G3073;00000150S;T ;06-abr-11;04-jul-11
SP01G3073;00000153S;C ;03-set-12;17-fev-14
SP01G3074;000000026;T ;22-fev-12;28-out-13
SP01G3074;000000031;T ;17-fev-14;09-abr-14
SP01G3074;000000054;T ;21-mai-03;07-jul-10
SP01G3074;000000078;T ;11-dez-14;
SP01G3074;00000067S;T ;08-jul-10;27-jan-11
SP01G3074;00000067S;T ;28-jan-11;21-fev-12
SP01G3074;00000082S;S ;22-jun-15;22-jul-15
SP01G3074;00000082S;S ;29-set-15;19-out-15
SP01G3074;00000084S;C ;12-abr-06;13-jul-06
SP01G3074;00000104S;T ;10-abr-14;10-dez-14
SP01G3074;00000122S;S ;02-jul-07;29-set-07
SP01G3074;00000134S;S ;16-nov-16;
SP01G3074;00000145S;S ;15-jun-16;15-jul-16
SP01G3074;00000153S;C ;03-set-12;17-fev-14
SP01G3074;00000156S;S ;07-jan-13;08-fev-13
SP01G3074;00000156S;S ;13-fev-13;19-fev-13
SP01G3074;00000156S;C ;20-fev-13;20-fev-13
SP01G3074;00000156S;S ;21-fev-13;15-mar-13
SP01G3074;00000156S;S ;18-mar-13;18-mai-13
SP01G3074;00000156S;S ;20-mai-13;21-jun-13
SP01G3074;00000156S;S ;29-jul-13;30-ago-13
SP01G3074;00000156S;S ;25-set-13;03-out-13
SP01G3074;00000156S;C ;04-out-13;04-out-13
SP01G3074;00000156S;S ;05-out-13;25-out-13
SP01G3074;00000156S;T ;22-nov-13;16-fev-14
SP01G3081;000000035;T ;22-mai-03;09-jun-15
SP01G3081;000000055;T ;22-dez-15;
SP01G3081;00000070S;C ;27-fev-12;30-mar-12
SP01G3081;00000071S;C ;12-set-05;19-dez-06
SP01G3081;00000077S;C ;07-nov-03;20-dez-05
SP01G3081;00000077S;C ;01-out-07;31-out-07
SP01G3081;00000077S;S ;23-abr-10;23-ago-10
SP01G3081;00000077S;S ;25-ago-10;17-dez-10
SP01G3081;00000077S;C ;07-jan-11;27-fev-12
SP01G3081;00000077S;S ;18-out-13;13-nov-13
SP01G3081;00000078S;C ;12-abr-04;20-dez-05
SP01G3081;00000078S;S ;09-fev-06;18-mar-06
SP01G3081;00000078S;C ;23-mar-06;21-mai-06
SP01G3081;00000078S;C ;22-mai-06;20-jul-06
SP01G3081;00000078S;C ;21-ago-06;18-dez-06
SP01G3081;00000084S;S ;23-mar-10;22-abr-10
SP01G3081;00000113S;T ;10-jun-15;21-dez-15
SP01G3081;00000137S;C ;11-mar-13;17-fev-14
SP01G3081;00000153S;C ;03-set-12;17-fev-14
SP01G3082;000000031;T ;10-abr-14;
SP01G3082;000000048;T ;21-mai-03;01-set-13
SP01G3082;000000057;T ;04-out-13;09-abr-14
SP01G3082;00000049S;S ;23-abr-13;28-mai-13
SP01G3082;00000049S;S ;03-jun-13;03-jul-13
SP01G3082;00000067S;C ;15-abr-13;15-abr-13
SP01G3082;00000069S;S ;04-jul-05;03-ago-05
SP01G3082;00000070S;S ;07-jan-14;06-fev-14
SP01G3082;00000071S;C ;12-set-05;19-dez-06
SP01G3082;00000072S;S ;08-jan-08;06-jun-08
SP01G3082;00000092S;S ;19-jun-06;17-ago-06
SP01G3083;000000049;T ;21-mai-03;14-ago-05
SP01G3083;000000058;T ;15-ago-05;15-nov-12
SP01G3083;000000072;T ;04-out-13;
SP01G3083;00000070S;S ;15-ago-05;15-ago-05
SP01G3083;00000070S;T ;19-nov-12;03-out-13
SP01G3083;00000071S;C ;12-set-05;19-dez-06
SP01G3083;00000089S;C ;27-nov-14;27-nov-14
SP01G3084;000000031;T ;15-jun-04;16-fev-12
SP01G3084;000000067;T ;24-fev-12;31-mar-13
SP01G3084;000000074;T ;04-out-13;
SP01G3084;00000035S;T ;21-mai-03;30-abr-04
SP01G3084;00000067S;T ;22-fev-12;23-fev-12
SP01G3084;00000067S;C ;24-fev-12;26-fev-12
SP01G3084;00000071S;C ;12-set-05;19-dez-06
SP01G3084;00000077S;S ;03-jul-06;14-ago-06
SP01G3084;00000077S;S ;16-out-06;19-dez-06
SP01G3084;00000079S;T ;03-mai-04;14-jun-04
SP01G3084;00000119S;T ;02-abr-13;03-out-13
SP01G3091;000000041;T ;22-mai-03;19-out-14
SP01G3091;000000076;T ;11-dez-14;
SP01G3091;00000063S;S ;18-jul-05;26-ago-05
SP01G3091;00000063S;C ;09-out-06;19-dez-06
SP01G3091;00000063S;S ;02-jul-07;12-ago-07
SP01G3091;00000089S;S ;03-ago-15;16-ago-15
SP01G3091;00000089S;S ;18-nov-15;18-dez-15
SP01G3091;00000089S;C ;11-fev-16;11-fev-16
SP01G3091;00000089S;C ;14-mar-16;14-mar-16
SP01G3091;00000089S;S ;01-ago-16;01-set-16
SP01G3091;00000089S;C ;11-nov-16;11-nov-16
SP01G3091;00000089S;S ;16-nov-16;
SP01G3091;00000093S;C ;12-set-05;19-dez-06
SP01G3091;00000100S;C ;07-ago-06;11-dez-06
SP01G3091;00000113S;T ;20-out-14;10-dez-14
SP01G3091;00000120S;C ;12-mar-08;24-mar-08
SP01G3091;00000131S;C ;25-mar-08;03-mai-08
SP01G3091;00000137S;C ;11-mar-13;17-fev-14
SP01G3091;00000140S;C ;02-ago-10;01-set-10
SP01G3091;00000140S;S ;25-abr-11;05-jun-11
SP01G3091;00000140S;C ;26-mar-12;17-fev-14
SP01G3091;00000140S;S ;17-set-12;15-out-12
SP01G3091;00000140S;S ;02-set-13;08-out-13
SP01G3091;00000140S;S ;06-mai-14;08-jun-14
SP01G3092;000000014;T ;03-mai-07;06-out-08
SP01G3092;000000050;T ;21-mai-03;11-set-03
SP01G3092;000000058;T ;16-dez-03;14-ago-05
SP01G3092;000000062;T ;12-abr-07;02-mai-07
SP01G3092;000000063;T ;01-jul-10;26-nov-11
SP01G3092;000000073;T ;04-out-13;21-dez-15
SP01G3092;000000080;T ;16-fev-16;
SP01G3092;00000051S;T ;02-jul-12;03-out-13
SP01G3092;00000055S;T ;09-dez-11;11-jun-12
SP01G3092;00000058S;T ;12-set-03;15-dez-03
SP01G3092;00000067S;T ;05-abr-10;30-jun-10
SP01G3092;00000070S;S ;22-jun-05;14-ago-05
SP01G3092;00000077S;S ;21-mai-07;09-ago-07
SP01G3092;00000078S;T ;26-jan-16;15-fev-16
SP01G3092;00000081S;T ;07-out-08;18-mar-10
SP01G3092;00000089S;S ;01-set-14;30-set-14
SP01G3092;00000089S;S ;03-nov-14;18-nov-14
SP01G3092;00000089S;C ;15-dez-14;15-dez-14
SP01G3092;00000095S;T ;04-out-05;14-ago-06
SP01G3092;00000096S;S ;25-abr-11;22-jun-11
SP01G3092;00000096S;C ;12-set-11;12-set-11
SP01G3092;00000107S;S ;19-nov-13;19-dez-13
SP01G3092;00000113S;T ;22-dez-15;25-jan-16
SP01G3092;00000115S;T ;15-ago-06;11-abr-07
SP01G3092;00000119S;S ;24-ago-07;19-dez-07
SP01G3092;00000119S;S ;07-jan-08;11-fev-08
SP01G3092;00000137S;C ;11-mar-13;17-fev-14
SP01G3092;00000140S;S ;10-jan-11;09-fev-11
SP01G3092;00000153S;C ;03-set-12;17-fev-14
SP01G3092;00000181S;S ;07-jan-15;06-fev-15
SP01G3093;000000041;T ;20-out-14;
SP01G3093;000000051;T ;21-mai-03;21-set-14
SP01G3093;00000035S;S ;09-jan-06;08-fev-06
SP01G3093;00000035S;S ;08-fev-06;08-fev-06
SP01G3093;00000061S;C ;17-out-11;17-out-11
SP01G3093;00000093S;C ;07-fev-06;07-fev-06
SP01G3093;00000093S;S ;08-jan-07;07-fev-07
SP01G3093;00000093S;S ;06-out-14;01-jan-15
SP01G3093;00000093S;C ;26-fev-15;26-fev-15
SP01G3093;00000107S;C ;08-ago-12;07-set-12
SP01G3093;00000107S;S ;11-jun-14;08-set-14
SP01G3093;00000107S;S ;09-set-14;21-set-14
SP01G3093;00000113S;T ;22-set-14;19-out-14
SP01G3093;00000138S;C ;17-out-11;17-out-11
SP01G3093;00000145S;C ;24-fev-15;17-jun-15
SP01G3093;00000145S;S ;17-fev-16;18-mar-16
SP01G3093;00000146S;S ;24-ago-10;16-out-10
SP01G3094;000000059;T ;16-dez-03;09-set-08
SP01G3094;000000065;T ;22-dez-10;
SP01G3094;00000047S;T ;21-mai-03;15-dez-03
SP01G3094;00000084S;C ;26-mar-12;26-mar-12
SP01G3094;00000084S;S ;25-jun-14;25-jul-14
SP01G3094;00000084S;C ;01-set-15;
SP01G3094;00000088S;C ;27-ago-08;09-set-08
SP01G3094;00000088S;T ;10-set-08;18-mar-10
SP01G3094;00000092S;S ;01-set-05;30-out-05
SP01G3094;00000092S;S ;04-set-06;07-out-06
SP01G3094;00000092S;S ;07-jan-11;06-fev-11
SP01G3094;00000093S;C ;27-jun-06;20-dez-06
SP01G3094;00000128S;T ;25-mar-10;21-dez-10
SP01G3094;00000140S;S ;09-jan-12;09-fev-12
SP01G3101;000000045;T ;22-mai-03;
SP01G3101;00000049S;S ;09-jan-06;08-fev-06
SP01G3101;00000049S;S ;09-fev-06;09-fev-06
SP01G3101;00000049S;S ;10-fev-06;10-fev-06
SP01G3101;00000049S;S ;03-jul-06;02-ago-06
SP01G3101;00000049S;S ;26-jul-07;10-ago-07
SP01G3101;00000049S;S ;08-jul-08;07-ago-08
SP01G3101;00000049S;S ;10-jan-11;08-fev-11
SP01G3101;00000055S;S ;11-jul-07;25-jul-07
SP01G3101;00000063S;C ;10-mai-06;09-out-06
SP01G3101;00000067S;S ;28-mar-05;27-abr-05
SP01G3101;00000081S;S ;03-nov-04;13-dez-04
SP01G3101;00000081S;S ;04-jul-05;03-ago-05
SP01G3101;00000081S;S ;15-jun-16;15-jul-16
SP01G3101;00000100S;C ;12-dez-06;12-dez-06
SP01G3101;00000100S;C ;12-nov-08;12-dez-08
SP01G3101;00000100S;S ;23-out-13;22-nov-13
SP01G3101;00000179S;S ;23-abr-14;26-mai-14
SP01G3102;000000021;T ;03-ago-09;
SP01G3102;000000052;T ;21-mai-03;31-mai-09
SP01G3102;00000063S;C ;12-set-05;09-out-06
SP01G3102;00000080S;S ;29-set-04;02-nov-04
SP01G3102;00000081S;S ;31-jan-05;24-mar-05
SP01G3102;00000083S;S ;06-jun-05;04-ago-05
SP01G3102;00000083S;S ;21-mar-06;21-mar-06
SP01G3102;00000100S;S ;22-mar-06;09-abr-06
SP01G3102;00000100S;S ;08-jan-07;07-fev-07
SP01G3102;00000100S;C ;12-ago-08;10-out-08
SP01G3102;00000100S;T ;10-jun-09;28-jun-09
SP01G3102;00000100S;C ;24-ago-09;15-out-09
SP01G3102;00000100S;S ;07-jan-10;03-fev-10
SP01G3102;00000100S;C ;04-fev-10;04-fev-10
SP01G3102;00000100S;S ;05-fev-10;07-mar-10
SP01G3102;00000102S;S ;09-fev-06;28-fev-06
SP01G3102;00000104S;S ;01-mar-06;20-mar-06
SP01G3102;00000134S;T ;29-jun-09;02-ago-09
SP01G3102;00000145S;C ;05-abr-10;08-jan-11
SP01G3102;00000145S;S ;10-jan-11;09-fev-11
SP01G3102;00000145S;S ;30-jan-12;29-fev-12
SP01G3103;000000014;T ;07-out-08;28-nov-11
SP01G3103;000000053;T ;21-mai-03;24-jul-08
SP01G3103;000000063;T ;28-nov-11;
SP01G3103;00000063S;C ;10-mai-06;09-out-06
SP01G3103;00000081S;S ;19-mar-06;20-mar-06
SP01G3103;00000081S;T ;28-jul-08;06-out-08
SP01G3103;00000081S;S ;21-ago-14;20-set-14
SP01G3103;00000081S;S ;19-jan-15;02-mar-15
SP01G3103;00000084S;S ;21-fev-05;25-mar-05
SP01G3103;00000096S;S ;02-abr-12;30-jul-12
SP01G3103;00000100S;S ;18-jan-06;06-fev-06
SP01G3103;00000100S;S ;17-jul-06;05-ago-06
SP01G3103;00000101S;S ;07-fev-06;26-fev-06
SP01G3103;00000101S;C ;06-ago-06;25-ago-06
SP01G3103;00000105S;S ;27-fev-06;18-mar-06
SP01G3103;00000112S;S ;26-ago-06;14-set-06
SP01G3103;00000126S;S ;09-jan-08;08-fev-08
SP01G3103;00000127S;S ;09-fev-08;09-mar-08
SP01G3104;000000009;T ;02-mai-05;13-mai-10
SP01G3104;000000054;T ;08-jul-10;15-dez-14
SP01G3104;000000081;T ;16-fev-16;
SP01G3104;00000035S;C ;31-mai-07;30-jun-07
SP01G3104;00000038S;T ;27-mai-10;30-jun-10
SP01G3104;00000048S;C ;12-jun-06;30-jun-06
SP01G3104;00000063S;T ;21-mai-03;01-mai-05
SP01G3104;00000063S;C ;10-mai-06;09-out-06
SP01G3104;00000067S;T ;01-jul-10;07-jul-10
SP01G3104;00000072S;S ;20-jul-06;08-ago-06
SP01G3104;00000072S;S ;23-nov-06;19-dez-06
SP01G3104;00000072S;S ;08-jan-07;07-fev-07
SP01G3104;00000088S;S ;03-mai-05;29-jul-05
SP01G3104;00000088S;S ;01-ago-05;30-set-05
SP01G3104;00000088S;S ;01-out-05;29-dez-05
SP01G3104;00000104S;T ;16-dez-14;25-jan-16
SP01G3104;00000104S;C ;11-fev-16;11-fev-16
SP01G3104;00000107S;S ;01-jul-06;19-jul-06
SP01G3104;00000132S;S ;26-mai-08;24-jul-08
SP01G3104;00000132S;S ;25-ago-08;15-out-08
SP01G3104;00000138S;C ;16-out-08;29-out-08
SP01G3104;00000144S;S ;24-fev-10;28-abr-10
SP01G3104;00000147S;T ;26-jan-16;15-fev-16
SP01G3104;00000147S;C ;11-fev-16;11-fev-16
SP01G3104;00000153S;C ;03-set-12;17-fev-14
SP01G3999;00000023S;C ;02-jun-08;30-set-08
SP01G3999;00000055S;C ;07-jan-08;30-set-08
SP01G3999;00000081S;C ;08-fev-07;27-jul-08
SP01G3999;00000081S;C ;07-jan-08;27-jul-08
SP01G3999;00000081S;C ;12-ago-08;12-ago-08
SP01G3999;00000081S;C ;09-set-08;09-set-08
SP01G3999;00000081S;C ;30-set-08;30-set-08
SP01G3999;00000081S;C ;24-ago-10;24-ago-10
SP01G3999;00000083S;C ;09-jun-08;30-set-08
SP01G3999;00000100S;C ;08-fev-07;08-mai-07
SP01G3999;00000100S;C ;24-ago-10;24-ago-10
SP01G3999;00000101S;C ;08-fev-07;19-dez-07
SP01G3999;00000101S;C ;07-jan-08;30-set-08
SP01G3999;00000105S;C ;08-fev-07;19-dez-07
SP01G3999;00000107S;C ;08-fev-07;19-dez-07
SP01G3999;00000107S;C ;07-jan-08;30-set-08
SP01G3999;00000140S;C ;28-set-09;31-dez-09
SP01G4001;00000049S;C ;28-set-09;06-out-09
SP01G4001;00000051S;C ;01-out-08;19-dez-08
SP01G4001;00000068S;C ;02-abr-07;19-dez-07
SP01G4001;00000068S;C ;07-jan-08;09-mar-08
SP01G4001;00000086S;C ;05-out-09;31-dez-09
SP01G4001;00000086S;C ;01-jan-10;28-fev-10
SP01G4001;00000088S;C ;02-abr-07;09-set-08
SP01G4001;00000089S;C ;30-jun-08;08-dez-10
SP01G4001;00000104S;C ;01-out-08;15-dez-10
SP01G4001;00000113S;C ;02-abr-07;19-dez-07
SP01G4001;00000113S;C ;07-jan-08;19-dez-08
SP01G4001;00000117S;C ;02-abr-07;19-dez-07
SP01G4001;00000117S;C ;07-jan-08;19-dez-08
SP01G4001;00000117S;C ;28-set-09;31-dez-09
SP01G4001;00000117S;C ;01-jan-10;28-fev-10
SP01G4001;00000120S;C ;02-abr-07;30-jun-07
SP01G4001;00000128S;C ;24-out-09;24-mar-10
SP01G4001;00000131S;C ;28-out-09;17-nov-09
SP01G4001;00000133S;C ;09-jun-08;19-dez-08
SP01G4001;00000141S;C ;28-set-09;31-dez-09
SP01G4001;00000141S;C ;01-jan-10;28-fev-10
SP01G4001;00000142S;C ;01-out-09;31-dez-09
SP01G4001;00000142S;C ;01-jan-10;28-fev-10
SP01G4001;00000143S;C ;03-nov-09;31-dez-09
SP01G4001;00000143S;C ;01-jan-10;28-fev-10
SP01G4002;00000051S;C ;21-fev-07;19-dez-07
SP01G4002;00000051S;C ;07-jan-08;30-set-08
SP01G4002;00000089S;C ;21-fev-07;08-dez-10
SP01G4002;00000104S;C ;21-fev-07;15-dez-10
SP01G4002;00000111S;C ;21-fev-07;15-dez-10
SP01G4002;00000116S;C ;21-fev-07;19-dez-07
SP01G4003;00000051S;C ;14-set-10;14-set-10
SP01G4003;00000057S;C ;20-set-10;21-mar-11
SP01G4003;00000057S;C ;22-mar-11;20-jun-11
SP01G4003;00000059S;C ;20-set-10;21-mar-11
SP01G4003;00000059S;C ;22-mar-11;20-jun-11
SP01G4003;00000059S;C ;27-mar-12;28-mar-12
SP01G4003;00000065S;C ;20-set-10;20-set-11
SP01G4003;00000081S;C ;20-set-10;17-dez-11
SP01G4003;00000081S;C ;09-jan-12;30-mar-12
SP01G4003;00000081S;C ;26-abr-12;26-abr-12
SP01G4003;00000081S;C ;22-mai-12;22-mai-12
SP01G4003;00000081S;C ;24-mai-12;25-mai-12
SP01G4003;00000081S;C ;26-jun-12;26-jun-12
SP01G4003;00000081S;C ;28-jun-12;28-jun-12
SP01G4003;00000082S;C ;16-mai-11;20-set-11
SP01G4003;00000086S;C ;20-set-10;17-dez-11
SP01G4003;00000088S;C ;18-out-10;28-jan-11
SP01G4003;00000089S;C ;04-out-10;21-mar-11
SP01G4003;00000100S;C ;20-set-10;21-mar-11
SP01G4003;00000104S;C ;20-set-10;03-out-10
SP01G4003;00000107S;C ;20-set-10;20-set-11
SP01G4003;00000117S;C ;20-set-10;20-set-11
SP01G4003;00000122S;C ;21-jun-11;20-set-11
SP01G4003;00000123S;C ;23-ago-11;20-set-11
SP01G4003;00000123S;C ;21-set-11;17-dez-11
SP01G4003;00000123S;C ;09-jan-12;30-mar-12
SP01G4003;00000135S;C ;16-mai-11;11-ago-11
SP01G4003;00000147S;C ;20-set-10;20-set-11
SP01G4003;00000148S;C ;20-set-10;20-set-11
SP01G4003;00000149S;C ;20-set-10;01-ago-11
SP01G4051;000000050;T ;02-jul-14;
SP01G4051;000000055;C ;01-set-14;01-set-14
SP01G4051;000000061;C ;01-set-14;01-set-14
SP01G4051;00000033S;S ;11-jul-16;10-ago-16
SP01G4051;00000070S;S ;07-jan-15;06-fev-15
SP01G4051;00000070S;S ;07-jan-16;06-fev-16
SP01G4051;00000070S;C ;22-fev-16;22-fev-16
SP01G4051;00000083S;S ;02-jul-14;01-ago-14
SP01G4051;00000083S;C ;27-jun-16;
SP01G4052;000000055;C ;01-set-14;01-set-14
SP01G4052;000000061;C ;01-set-14;01-set-14
SP01G4052;000000067;T ;02-jul-14;
SP01G4052;00000070S;S ;06-abr-15;25-mai-15
SP01G4052;00000083S;C ;27-jun-16;
SP01G4052;00000090S;S ;02-jul-14;31-jul-14
SP01G4052;00000184S;S ;07-jan-16;06-fev-16
SP01G4052;00000184S;C ;22-fev-16;22-fev-16
SP01G4053;000000075;T ;11-dez-14;
SP01G4053;00000060S;T ;02-jul-14;10-dez-14
SP01G4053;00000083S;C ;27-jun-16;
SP01G4053;00000184S;S ;08-jun-15;08-jul-15
SP01G4053;00000184S;S ;21-set-15;21-out-15
SP01G4053;00000184S;S ;17-mai-16;16-jun-16
SP01G4111;000000057;T ;02-jul-14;
SP01G4111;00000081S;S ;10-jul-14;09-ago-14
SP01G4111;00000081S;S ;07-jan-16;12-fev-16
SP01G4111;00000081S;C ;19-jul-16;19-jul-16
SP01G4111;00000088S;C ;27-jun-16;
SP01G4112;000000064;T ;02-jul-14;
SP01G4112;00000088S;C ;27-jun-16;
SP01G4112;00000160S;S ;22-jun-15;29-jul-15
SP01G4112;00000186S;S ;04-jul-16;28-jul-16
SP01G4113;000000068;T ;02-jul-14;
SP01G4113;00000081S;S ;28-set-15;22-out-15
SP01G4113;00000088S;C ;27-jun-16;
SP01G4113;00000090S;S ;01-set-14;25-set-14
SP01G4113;00000090S;S ;18-jul-16;18-ago-16
SP01G4113;00000155S;S ;07-jan-15;29-jan-15
SP01G9992;000000008;S ;27-mar-15;09-jun-15
SP01G9992;000000026;S ;17-fev-14;25-fev-14
SP01G9993;000000030;S ;05-jan-15;09-jun-15
SP01G9999;00000041S;C ;16-abr-12;19-jun-12
SP01G9999;00000072S;C ;16-abr-12;
SP01G9999;00000109S;C ;16-abr-12;
SP01G9999;00000114S;C ;16-abr-12;
SP01G9999;00000119S;C ;17-out-06;02-mai-07
SP01G9999;00000135S;C ;16-abr-12;
SP01G9999;00000144S;C ;24-out-11;28-out-11
SP01G9999;00000144S;C ;16-abr-12;30-set-13
SP01G9999;00000154S;C ;24-out-11;28-out-11
SP01G9999;00000157S;C ;16-abr-12;09-dez-13
SP01G9999;00000158S;C ;16-abr-12;
SP01G9999;00000159S;C ;15-out-12;01-mar-14
SP01G9999;00000161S;C ;13-abr-12;26-ago-13
SP01G9999;00000162S;C ;12-jun-13;20-jun-13
SP01G9999;00000163S;C ;12-jun-13;28-jun-13
SP01G9999;00000164S;C ;13-abr-12;
SP01G9999;00000165S;C ;13-abr-12;18-out-13
SP01G9999;00000166S;C ;13-abr-12;18-dez-13
SP01G9999;00000167S;C ;10-ago-12;18-dez-13
SP01G9999;00000168S;C ;18-abr-13;18-dez-13
SP01G9999;00000169S;C ;13-abr-12;
SP01G9999;00000170S;C ;13-abr-12;17-dez-13
SP01G9999;00000171S;C ;13-abr-12;
SP01G9999;00000172S;C ;13-abr-12;20-jan-14
SP01G9999;00000173S;C ;13-abr-12;
SP01G9999;00000174S;C ;28-mai-12;17-dez-13
SP01G9999;00000175S;C ;16-mai-13;16-dez-13
SP01G9999;00000176S;C ;20-fev-13;
SP01G9999;00000177S;C ;27-jun-12;
SP01O0032;000000099;S ;09-jun-16;
